loss_A,obs_card_acc_A,obs_act_acc_A,act_acc_A,loss_B,obs_card_acc_B,obs_act_acc_B,act_acc_B,loss_C,obs_card_acc_C,obs_act_acc_C,act_acc_C,loss_D,obs_card_acc_D,obs_act_acc_D,act_acc_D,loss_E,obs_card_acc_E,obs_act_acc_E,act_acc_E,loss_F,obs_card_acc_F,obs_act_acc_F,act_acc_F,loss_G,obs_card_acc_G,obs_act_acc_G,act_acc_G
1.8113631804784138,1.0,1.0,0.5520833333333334,1.8509273529052734,0.5416666666666666,0.5416666666666666,0.5416666666666666,1.8232059876124065,1.0,1.0,0.5729166666666666,1.8101062575976055,0.5520833333333334,0.5520833333333334,0.5520833333333334,1.9990614255269368,0.6458333333333334,0.6458333333333334,0.6458333333333334,1.4915728739329748,1.0,1.0,0.5416666666666666,1.6279408450078483,1.0,0.9392405063291139,0.360126582278481
1.2341379920641582,1.0,1.0,0.5520833333333334,1.182196021080017,1.0,1.0,0.4583333333333333,1.1745711366335552,1.0,1.0,0.5729166666666666,1.1593542695045471,1.0,1.0,0.5520833333333334,1.4944520791371663,0.9166666666666666,0.9166666666666666,0.6458333333333334,1.0519904920033045,1.0,1.0,0.5416666666666666,1.3260559927333484,0.8291139240506329,0.8949367088607595,0.34556962025316457
1.1300942103068035,1.0,1.0,0.5520833333333334,1.0231360991795857,1.0,1.0,0.4583333333333333,1.061200499534607,1.0,1.0,0.5729166666666666,1.0271977583567302,1.0,1.0,0.5520833333333334,1.3632298111915588,0.9166666666666666,0.9166666666666666,0.6458333333333334,0.9617845628942762,1.0,1.0,0.5416666666666666,1.2778305513690216,0.8613924050632912,1.0,0.37658227848101267
1.0027029116948445,1.0,1.0,0.5520833333333334,0.9335593581199646,1.0,1.0,0.5416666666666666,1.0116060276826222,1.0,1.0,0.5729166666666666,0.9256680607795715,1.0,1.0,0.7708333333333334,1.2581309874852498,0.9166666666666666,0.9166666666666666,0.6458333333333334,0.9137117096355983,1.0,1.0,0.5277777777777778,1.0721665711113901,0.9791139240506329,0.9588607594936709,0.5379746835443038
0.9577701489130656,1.0,1.0,0.84375,0.8626249531904856,1.0,1.0,0.6458333333333334,0.9942857921123505,1.0,1.0,0.4270833333333333,0.7879114349683126,1.0,1.0,0.7916666666666666,1.2051078081130981,1.0,1.0,0.6458333333333334,0.7842378190585545,1.0,1.0,0.7407407407407407,0.8909916034852615,0.9094936708860759,0.9886075949367089,0.5829113924050633
0.8585924009482065,1.0,1.0,0.7395833333333334,0.7638684113820394,1.0,1.0,0.6458333333333334,0.9656939804553986,1.0,1.0,0.5729166666666666,0.6956218580404917,1.0,1.0,0.8333333333333334,1.1364893317222595,1.0,1.0,0.6458333333333334,0.6366207812513623,1.0,1.0,0.8055555555555556,0.7843222323090139,0.9322784810126582,1.0,0.6443037974683544
0.7421941657861074,1.0,1.0,0.84375,0.7335359752178192,1.0,1.0,0.7083333333333334,0.9458415706952413,1.0,1.0,0.5729166666666666,0.651495486497879,1.0,1.0,0.8020833333333334,1.0285480618476868,1.0,1.0,0.6770833333333334,0.5677901463849204,1.0,1.0,0.8009259259259259,0.7024122106306481,0.8734177215189873,0.9734177215189873,0.6481012658227848
0.6244471073150635,1.0,1.0,0.90625,0.7224808931350708,1.0,1.0,0.7083333333333334,0.9242006043593088,1.0,1.0,0.5729166666666666,0.6165999472141266,1.0,1.0,0.8125,0.9447931150595347,1.0,1.0,0.65625,0.5125931522675923,1.0,1.0,0.8240740740740741,0.6394266398868176,0.8974683544303798,0.9993670886075949,0.6943037974683545
0.5274718900521597,1.0,1.0,0.90625,0.7041039069493612,1.0,1.0,0.7083333333333334,0.9097218612829844,1.0,1.0,0.5729166666666666,0.5962828199068705,1.0,1.0,0.8333333333333334,0.9146493872006735,1.0,1.0,0.6979166666666666,0.4395293529544558,1.0,1.0,0.8703703703703703,0.5735679729418321,0.8803797468354431,0.9879746835443038,0.729746835443038
0.5025550325711569,1.0,1.0,0.8958333333333334,0.700715571641922,1.0,1.0,0.7708333333333334,0.8902726272741953,1.0,1.0,0.5729166666666666,0.5644296109676361,1.0,1.0,0.875,0.8667448361714681,1.0,1.0,0.6875,0.3236180490681103,1.0,1.0,0.9398148148148148,0.5479310772033653,0.8962025316455696,0.980379746835443,0.7329113924050633
0.49925337235132855,1.0,1.0,0.8125,0.6781663695971171,1.0,1.0,0.8020833333333334,0.8652208844820658,1.0,1.0,0.5729166666666666,0.5455007553100586,1.0,1.0,0.84375,0.856931209564209,1.0,1.0,0.7291666666666666,0.2914869636297226,1.0,1.0,0.9120370370370371,0.5224303377397133,0.8955696202531646,0.9822784810126582,0.7670886075949367
0.47003527482350665,1.0,1.0,0.90625,0.6620319485664368,1.0,1.0,0.7708333333333334,0.8421381215254465,1.0,1.0,0.5729166666666666,0.5260197867949804,1.0,1.0,0.8333333333333334,0.8104726473490397,1.0,1.0,0.75,0.27095773603234974,1.0,1.0,0.9074074074074074,0.4823781012585669,0.8860759493670886,0.9898734177215189,0.7822784810126582
0.49798975388209027,1.0,1.0,0.9270833333333334,0.651822566986084,1.0,1.0,0.8020833333333334,0.8101048866907755,1.0,1.0,0.6145833333333334,0.5077580908934275,1.0,1.0,0.8645833333333334,0.7763140896956126,1.0,1.0,0.75,0.2437577364700181,1.0,1.0,0.9074074074074074,0.43961282736725277,0.8822784810126583,0.980379746835443,0.789873417721519
0.4520314534505208,1.0,1.0,0.8854166666666666,0.6408567428588867,1.0,1.0,0.78125,0.7750303447246552,1.0,1.0,0.6770833333333334,0.4840783029794693,1.0,1.0,0.8854166666666666,0.7549725969632467,1.0,1.0,0.7604166666666666,0.23902350131954467,1.0,1.0,0.9351851851851852,0.40435636540253955,0.889873417721519,0.9974683544303797,0.7987341772151899
0.4312896728515625,1.0,1.0,0.9270833333333334,0.6394415696461996,1.0,1.0,0.7708333333333334,0.7331505616505941,1.0,1.0,0.6041666666666666,0.46632703642050427,1.0,1.0,0.8854166666666666,0.7222197155157725,1.0,1.0,0.7395833333333334,0.23163162278277533,1.0,1.0,0.8935185185185185,0.37249459296163884,0.8949367088607595,0.9955696202531645,0.8158227848101266
0.41823060313860577,1.0,1.0,0.90625,0.6311854223410288,1.0,1.0,0.7708333333333334,0.6926529506842295,1.0,1.0,0.6354166666666666,0.4567176004250844,1.0,1.0,0.8854166666666666,0.7017314533392588,1.0,1.0,0.75,0.23301803107772553,1.0,1.0,0.9074074074074074,0.3962835588238456,0.8784810126582279,0.9974683544303797,0.8139240506329114
0.4192768583695094,1.0,1.0,0.8541666666666666,0.6110989054044088,1.0,1.0,0.7708333333333334,0.6672901709874471,1.0,1.0,0.6979166666666666,0.44736040631930035,1.0,1.0,0.8541666666666666,0.6585884690284729,1.0,1.0,0.8125,0.2237491330930165,1.0,1.0,0.9259259259259259,0.34652891423967147,0.8746835443037975,0.9993670886075949,0.8310126582278481
0.4110322544972102,1.0,1.0,0.9270833333333334,0.6070127983887991,1.0,1.0,0.78125,0.6377207040786743,1.0,1.0,0.6041666666666666,0.43867604931195575,1.0,1.0,0.8854166666666666,0.6176231205463409,1.0,1.0,0.8125,0.21186757513454982,1.0,1.0,0.9259259259259259,0.31636547440230245,0.8778481012658228,0.9930379746835443,0.8221518987341773
0.37906059126059216,1.0,1.0,0.90625,0.5809119840463003,1.0,1.0,0.7708333333333334,0.6202496389547983,1.0,1.0,0.7291666666666666,0.4656223654747009,1.0,1.0,0.8854166666666666,0.5656269689400991,1.0,1.0,0.84375,0.20685948857239314,1.0,1.0,0.9398148148148148,0.32565795457122304,0.8683544303797468,0.9898734177215189,0.8335443037974684
0.3683852056662242,1.0,1.0,0.9375,0.5512474973996481,1.0,1.0,0.8125,0.5851619193951288,1.0,1.0,0.7291666666666666,0.4370760420958201,1.0,1.0,0.8854166666666666,0.501042957107226,1.0,1.0,0.8958333333333334,0.20007264081920897,1.0,1.0,0.9398148148148148,0.3012040757169627,0.8784810126582279,0.9829113924050633,0.8455696202531645
0.3473982661962509,1.0,1.0,0.9375,0.5152686933676401,1.0,1.0,0.75,0.5472903003295263,1.0,1.0,0.8333333333333334,0.4153572569290797,1.0,1.0,0.8854166666666666,0.48226261138916016,1.0,1.0,0.84375,0.22330083059413092,1.0,1.0,0.8796296296296297,0.2913256632258194,0.8936708860759494,0.9867088607594937,0.8335443037974684
0.33521973093350727,1.0,1.0,0.8854166666666666,0.4749559511741002,1.0,1.0,0.8229166666666666,0.4693961590528488,1.0,1.0,0.8229166666666666,0.37380807598431903,1.0,1.0,0.9479166666666666,0.4578417142232259,1.0,1.0,0.9166666666666666,0.19334127753973007,1.0,1.0,0.9398148148148148,0.2825683651849477,0.8974683544303798,0.9829113924050633,0.8424050632911393
0.34420837958653766,1.0,1.0,0.9375,0.41768526037534076,1.0,1.0,0.8229166666666666,0.41943074266115826,1.0,1.0,0.8229166666666666,0.33497828741868335,1.0,1.0,0.9479166666666666,0.4047491004069646,1.0,1.0,0.8333333333333334,0.16502795474869864,1.0,1.0,0.9444444444444444,0.3471798242794143,0.889873417721519,0.9727848101265822,0.839873417721519
0.3273116871714592,1.0,1.0,0.8958333333333334,0.38693641622861225,1.0,1.0,0.875,0.35542769233385724,1.0,1.0,0.7708333333333334,0.29461999237537384,1.0,1.0,0.9479166666666666,0.36044086515903473,1.0,1.0,0.9583333333333334,0.151876940791096,1.0,1.0,0.9351851851851852,0.33386072877681616,0.9,0.9689873417721518,0.8436708860759494
0.3296946932872136,1.0,1.0,0.8958333333333334,0.30025917788346607,1.0,1.0,0.9479166666666666,0.32414167126019794,1.0,1.0,0.875,0.263023741543293,1.0,1.0,0.9375,0.3667256285746892,1.0,1.0,0.90625,0.14533308946660586,1.0,1.0,0.9398148148148148,0.2846071584658189,0.9145569620253164,0.979746835443038,0.839873417721519
0.32619831959406537,1.0,1.0,0.9375,0.26778121789296466,1.0,1.0,0.9270833333333334,0.32563725610574085,1.0,1.0,0.8541666666666666,0.24978079398473105,1.0,1.0,0.9479166666666666,0.30230797827243805,1.0,1.0,0.84375,0.12742436278079236,1.0,1.0,0.9490740740740741,0.27985829152543135,0.9189873417721519,0.9746835443037974,0.8335443037974684
0.33235960205396015,1.0,1.0,0.9375,0.23095315446456274,1.0,1.0,0.9479166666666666,0.2652543981870015,1.0,1.0,0.9375,0.23212007681528726,1.0,1.0,0.9375,0.2804080943266551,1.0,1.0,0.9479166666666666,0.11963805290205139,1.0,1.0,0.9537037037037037,0.27372747403804704,0.9177215189873418,0.9734177215189873,0.8367088607594937
0.33279960850874585,1.0,1.0,0.9375,0.19930670410394669,1.0,1.0,0.9479166666666666,0.1932059501608213,1.0,1.0,0.8645833333333334,0.20366183668375015,1.0,1.0,0.9375,0.25124481817086536,1.0,1.0,0.9375,0.11744931659528188,1.0,1.0,0.9398148148148148,0.2696451379945784,0.9139240506329114,0.9689873417721518,0.8455696202531645
0.3389622817436854,1.0,1.0,0.9166666666666666,0.17075243840614954,1.0,1.0,0.9479166666666666,0.1674984817703565,1.0,1.0,0.96875,0.19404112175107002,1.0,1.0,0.9375,0.23444312562545142,1.0,1.0,0.9375,0.11449655571154185,1.0,1.0,0.9398148148148148,0.26818859185835325,0.9139240506329114,0.9772151898734177,0.8379746835443038
0.3028872460126877,1.0,1.0,0.9375,0.15269455562035242,1.0,1.0,0.9479166666666666,0.1248532123863697,1.0,1.0,0.90625,0.18793977051973343,1.0,1.0,0.96875,0.2195004348953565,1.0,1.0,0.90625,0.10080434089260441,1.0,1.0,0.9490740740740741,0.26847728432127926,0.9126582278481012,0.9715189873417721,0.8449367088607594
0.30254116157690686,1.0,1.0,0.9375,0.13777687276403108,1.0,1.0,0.9583333333333334,0.11915610606471698,1.0,1.0,0.96875,0.1708503489693006,1.0,1.0,0.96875,0.21756145109732947,1.0,1.0,0.9583333333333334,0.0929977223277092,1.0,1.0,0.9444444444444444,0.2680320861664685,0.9170886075949367,0.9753164556962025,0.8424050632911393
0.29331209262212116,1.0,1.0,0.9375,0.1306700644393762,1.0,1.0,0.9479166666666666,0.11924643069505692,1.0,1.0,0.90625,0.15385031948486963,1.0,1.0,0.96875,0.1942803611358007,1.0,1.0,0.90625,0.09292028684701238,1.0,1.0,0.9537037037037037,0.35836526345122943,0.930379746835443,0.970886075949367,0.8189873417721519
0.2877000446120898,1.0,1.0,0.9375,0.1195827064414819,1.0,1.0,0.9270833333333334,0.11107355977098148,1.0,1.0,0.96875,0.15406921009222665,1.0,1.0,0.9375,0.20477906862894693,1.0,1.0,0.9375,0.08611515210941434,1.0,1.0,0.9444444444444444,0.31675545239087305,0.9208860759493671,0.9816455696202532,0.8291139240506329
0.28315500418345135,1.0,1.0,0.9375,0.11735730494062106,1.0,1.0,0.9479166666666666,0.11810049166282018,1.0,1.0,0.90625,0.1412850208580494,1.0,1.0,0.9479166666666666,0.19566394140323004,1.0,1.0,0.9375,0.08927250334194728,1.0,1.0,0.9490740740740741,0.3279042471237857,0.9221518987341772,0.9658227848101266,0.839873417721519
0.27607373148202896,1.0,1.0,0.9375,0.12097444509466489,1.0,1.0,0.9166666666666666,0.12749641140302023,1.0,1.0,0.9375,0.12901988501350084,1.0,1.0,0.9375,0.17639296253522238,1.0,1.0,0.9375,0.08647239873451847,1.0,1.0,0.9444444444444444,0.27170110915345375,0.9183544303797468,0.9677215189873418,0.8424050632911393
0.27525825053453445,1.0,1.0,0.9375,0.11586907630165418,1.0,1.0,0.9166666666666666,0.13574295366803804,1.0,1.0,0.96875,0.1285861631234487,1.0,1.0,0.9375,0.17224159588416418,1.0,1.0,0.9375,0.08595909284693855,1.0,1.0,0.9444444444444444,0.26434505362101274,0.9126582278481012,0.9639240506329114,0.8449367088607594
0.2645944928129514,1.0,1.0,0.9375,0.104705015818278,1.0,1.0,0.9583333333333334,0.11313389614224434,1.0,1.0,0.90625,0.12214575583736102,1.0,1.0,0.9791666666666666,0.16754338269432387,1.0,1.0,0.9375,0.08645464892366103,1.0,1.0,0.9444444444444444,0.2590532661086381,0.9145569620253164,0.960126582278481,0.8481012658227848
0.2508728976051013,1.0,1.0,0.9375,0.1095363808174928,1.0,1.0,0.9166666666666666,0.10837440689404805,1.0,1.0,0.96875,0.11578538889686267,1.0,1.0,0.9479166666666666,0.16003113612532616,1.0,1.0,0.9375,0.08855035262448448,1.0,1.0,0.9444444444444444,0.2630606554072313,0.9126582278481012,0.9563291139240506,0.8417721518987342
0.2365009586016337,1.0,1.0,0.9375,0.10262915243705113,1.0,1.0,0.9166666666666666,0.10200964783628781,1.0,1.0,0.90625,0.11303812637925148,1.0,1.0,0.9791666666666666,0.15681992222865423,1.0,1.0,0.9375,0.08379680077944483,1.0,1.0,0.9444444444444444,0.2539274834773757,0.9164556962025316,0.9626582278481013,0.8417721518987342
0.2266823574900627,1.0,1.0,0.9375,0.10167596116662025,1.0,1.0,0.9166666666666666,0.10209025753041108,1.0,1.0,0.9166666666666666,0.1089768720169862,1.0,1.0,0.9375,0.1584442084034284,1.0,1.0,0.9583333333333334,0.08592471400541919,1.0,1.0,0.9490740740740741,0.25416483880594526,0.9120253164556962,0.9607594936708861,0.8449367088607594
0.21491135905186334,1.0,1.0,0.9375,0.1064405490954717,1.0,1.0,0.9166666666666666,0.10119538754224777,1.0,1.0,0.9375,0.10245950892567635,1.0,1.0,0.9791666666666666,0.15478758265574774,1.0,1.0,0.90625,0.09056115363325391,1.0,1.0,0.9537037037037037,0.25200851908837907,0.9170886075949367,0.9544303797468354,0.8443037974683544
0.204510231812795,1.0,1.0,0.9375,0.098363912353913,1.0,1.0,0.9166666666666666,0.09674510856469472,1.0,1.0,0.9375,0.1027312862376372,1.0,1.0,0.9791666666666666,0.15203183144330978,1.0,1.0,0.9375,0.0843634537554213,1.0,1.0,0.9490740740740741,0.2541447260765114,0.9208860759493671,0.9512658227848101,0.8468354430379746
0.19876336057980856,1.0,1.0,0.9375,0.09783328945438068,1.0,1.0,0.9166666666666666,0.09633319824934006,1.0,1.0,0.9166666666666666,0.10036615530649821,1.0,1.0,0.9479166666666666,0.14804244165619215,1.0,1.0,0.9583333333333334,0.09438625323985304,1.0,1.0,0.9537037037037037,0.3169758937726117,0.9265822784810127,0.9512658227848101,0.8329113924050633
0.19445382306973139,1.0,1.0,0.9375,0.101600032299757,1.0,1.0,0.9166666666666666,0.09603646832207839,1.0,1.0,0.9375,0.1014893539249897,1.0,1.0,0.9791666666666666,0.1499724673728148,1.0,1.0,0.9166666666666666,0.17683141039950506,1.0,1.0,0.9120370370370371,0.28032772047351107,0.9240506329113924,0.95,0.8360759493670886
0.1896194964647293,1.0,1.0,0.9375,0.09441947440306346,1.0,1.0,0.9166666666666666,0.09717229132850964,1.0,1.0,0.9375,0.09742973123987515,1.0,1.0,0.9583333333333334,0.15754429002602896,1.0,1.0,0.9375,0.14555429055222444,1.0,1.0,0.9537037037037037,0.26512917191392243,0.9322784810126582,0.9588607594936709,0.850632911392405
0.18472873916228613,1.0,1.0,0.9375,0.09328322112560272,1.0,1.0,0.9166666666666666,0.097452479104201,1.0,1.0,0.9166666666666666,0.10099490731954575,1.0,1.0,0.9375,0.1541798673570156,1.0,1.0,0.9375,0.09716182840721947,1.0,1.0,0.9490740740740741,0.24734036293294695,0.9253164556962026,0.9518987341772152,0.85
0.18122249593337378,1.0,1.0,0.9375,0.09193151568373044,1.0,1.0,0.9166666666666666,0.09602527444561322,1.0,1.0,0.90625,0.10018588602542877,1.0,1.0,0.9791666666666666,0.1440845144291719,1.0,1.0,0.9166666666666666,0.0874607443277325,1.0,1.0,0.9490740740740741,0.2501744114690357,0.9253164556962026,0.9544303797468354,0.8436708860759494
0.17888976633548737,1.0,1.0,0.9375,0.09244271864493687,1.0,1.0,0.9166666666666666,0.09413207198182742,1.0,1.0,0.9375,0.09942820481956005,1.0,1.0,0.9270833333333334,0.1448476997514566,1.0,1.0,0.9479166666666666,0.08591337714876447,1.0,1.0,0.9490740740740741,0.2475165490700741,0.910759493670886,0.9550632911392405,0.8481012658227848
0.1758134663105011,1.0,1.0,0.9479166666666666,0.09049769615133603,1.0,1.0,0.9166666666666666,0.09359902267654736,1.0,1.0,0.9166666666666666,0.09551884171863396,1.0,1.0,0.9791666666666666,0.14580986400445303,1.0,1.0,0.9375,0.08869123365730047,1.0,1.0,0.9444444444444444,0.24521118372377723,0.9132911392405063,0.9493670886075949,0.85
0.17487484961748123,1.0,1.0,0.9375,0.09036152437329292,1.0,1.0,0.9166666666666666,0.09600151826937993,1.0,1.0,0.9166666666666666,0.0992169976234436,1.0,1.0,0.9791666666666666,0.14285225048661232,1.0,1.0,0.9375,0.08425737970641681,1.0,1.0,0.9444444444444444,0.24991092733060472,0.9151898734177215,0.9525316455696202,0.8455696202531645
0.17248084396123886,1.0,1.0,0.9375,0.08867351772884528,1.0,1.0,0.9166666666666666,0.10148819784323375,1.0,1.0,0.96875,0.10460500543316205,1.0,1.0,0.8958333333333334,0.13556104277571043,1.0,1.0,0.9375,0.0844901938523565,1.0,1.0,0.9537037037037037,0.2430543452501297,0.9082278481012658,0.9493670886075949,0.8455696202531645
0.17180727422237396,1.0,1.0,0.9166666666666666,0.09295987710356712,1.0,1.0,0.9166666666666666,0.09251155828436215,1.0,1.0,0.9166666666666666,0.10741558546821277,1.0,1.0,0.9791666666666666,0.1404551093777021,1.0,1.0,0.9375,0.08449915929564408,1.0,1.0,0.9444444444444444,0.2399665190264432,0.9075949367088607,0.9481012658227848,0.8436708860759494
0.16844802349805832,1.0,1.0,0.9479166666666666,0.08976259144643943,1.0,1.0,0.9166666666666666,0.09505451222260793,1.0,1.0,0.9375,0.09894909585515659,1.0,1.0,0.9270833333333334,0.1370801143348217,1.0,1.0,0.9583333333333334,0.08746904986245292,1.0,1.0,0.9490740740740741,0.3121755731226218,0.9139240506329114,0.9411392405063291,0.8348101265822785
0.16824916005134583,1.0,1.0,0.9479166666666666,0.08970497051874797,1.0,1.0,0.9166666666666666,0.09376330611606438,1.0,1.0,0.9375,0.09573246041933696,1.0,1.0,0.96875,0.13822712873419127,1.0,1.0,0.9375,0.08346475527754851,1.0,1.0,0.9444444444444444,0.2518923879422323,0.9183544303797468,0.9430379746835443,0.839873417721519
0.1694150393207868,1.0,1.0,0.9166666666666666,0.08857773120204608,1.0,1.0,0.9166666666666666,0.09325149903694789,1.0,1.0,0.96875,0.0961340560267369,1.0,1.0,0.9791666666666666,0.1321845588584741,1.0,1.0,0.9375,0.08107818929212433,1.0,1.0,0.9490740740740741,0.2707896949064852,0.9120253164556962,0.9411392405063291,0.8360759493670886
0.16605327278375626,1.0,1.0,0.9479166666666666,0.08760678147276242,1.0,1.0,0.9166666666666666,0.09300919001301129,1.0,1.0,0.9166666666666666,0.09331164757410686,1.0,1.0,0.9791666666666666,0.13223794475197792,1.0,1.0,0.9166666666666666,0.08575876323240143,1.0,1.0,0.9444444444444444,0.2887843288104944,0.9411392405063291,0.9518987341772152,0.8487341772151898
0.16520188252131143,1.0,1.0,0.9479166666666666,0.08931354060769081,1.0,1.0,0.9166666666666666,0.09412985170880954,1.0,1.0,0.9479166666666666,0.09937559875349204,1.0,1.0,0.8958333333333334,0.13325397297739983,1.0,1.0,0.9583333333333334,0.08188537401812417,1.0,1.0,0.9490740740740741,0.24771780799133608,0.9373417721518987,0.9493670886075949,0.8462025316455696
0.16463211675484976,1.0,1.0,0.9375,0.08627229556441307,1.0,1.0,0.9166666666666666,0.09166243486106396,1.0,1.0,0.9375,0.09314536799987157,1.0,1.0,0.9791666666666666,0.13257940796514353,1.0,1.0,0.9375,0.08274710564208883,1.0,1.0,0.9490740740740741,0.24643217847503798,0.9436708860759494,0.9424050632911393,0.8518987341772152
0.1645035296678543,1.0,1.0,0.9375,0.08899122787018617,1.0,1.0,0.9166666666666666,0.09282454227407773,1.0,1.0,0.8958333333333334,0.09730888903141022,1.0,1.0,0.9791666666666666,0.13267838209867477,1.0,1.0,0.9270833333333334,0.08331522877727236,1.0,1.0,0.9444444444444444,0.23431262223407476,0.9449367088607595,0.9531645569620253,0.8556962025316456
0.16405615458885828,1.0,1.0,0.9479166666666666,0.0868403036147356,1.0,1.0,0.9166666666666666,0.09207992162555456,1.0,1.0,0.9375,0.09390012733638287,1.0,1.0,0.8958333333333334,0.13688392378389835,1.0,1.0,0.9375,0.08230036470506873,1.0,1.0,0.9490740740740741,0.23913606865839523,0.9417721518987342,0.9436708860759494,0.8556962025316456
0.16428556541601816,1.0,1.0,0.9270833333333334,0.08837623397509257,1.0,1.0,0.9166666666666666,0.09184248621265094,1.0,1.0,0.9166666666666666,0.09384030724565189,1.0,1.0,0.9791666666666666,0.12937373792131743,1.0,1.0,0.9375,0.08124052839619773,1.0,1.0,0.9444444444444444,0.2302152131392498,0.9373417721518987,0.9436708860759494,0.8550632911392405
0.16368082662423453,1.0,1.0,0.9375,0.08561617756883304,1.0,1.0,0.9166666666666666,0.09281799135108788,1.0,1.0,0.9166666666666666,0.09327199185887973,1.0,1.0,0.9791666666666666,0.1296527124941349,1.0,1.0,0.9583333333333334,0.07988895981439523,1.0,1.0,0.9444444444444444,0.24550801139287273,0.9367088607594937,0.9462025316455697,0.8582278481012658
0.16347133119901022,1.0,1.0,0.9583333333333334,0.08610756198565166,1.0,1.0,0.9166666666666666,0.09134845559795697,1.0,1.0,0.9375,0.0920141451060772,1.0,1.0,0.9791666666666666,0.1278959239522616,1.0,1.0,0.9375,0.08650933977748666,1.0,1.0,0.9490740740740741,0.2269352739959052,0.930379746835443,0.9373417721518987,0.8575949367088608
0.16226962953805923,1.0,1.0,0.9479166666666666,0.08981874336798985,1.0,1.0,0.9166666666666666,0.09058546336988609,1.0,1.0,0.9375,0.09096046723425388,1.0,1.0,0.9791666666666666,0.12946725636720657,1.0,1.0,0.9375,0.07947781402617693,1.0,1.0,0.9490740740740741,0.2233805384750318,0.9373417721518987,0.9373417721518987,0.8569620253164557
0.1620261495312055,1.0,1.0,0.9166666666666666,0.08425706500808398,1.0,1.0,0.9166666666666666,0.09016143344342709,1.0,1.0,0.9166666666666666,0.09128164934615295,1.0,1.0,0.96875,0.12814302369952202,1.0,1.0,0.9375,0.08174293674528599,1.0,1.0,0.9490740740740741,0.25044025021671046,0.9481012658227848,0.939873417721519,0.8449367088607594
0.164376566807429,1.0,1.0,0.9166666666666666,0.08538613220055898,1.0,1.0,0.9166666666666666,0.09135139423112075,1.0,1.0,0.9166666666666666,0.09148704260587692,1.0,1.0,0.9791666666666666,0.12937812134623528,1.0,1.0,0.9375,0.08181539337549891,1.0,1.0,0.9490740740740741,0.2335883616422764,0.9367088607594937,0.939873417721519,0.8512658227848101
0.15972749640544256,1.0,1.0,0.9583333333333334,0.08543498689929645,1.0,1.0,0.9166666666666666,0.09154948592185974,1.0,1.0,0.9375,0.09131636718908946,1.0,1.0,0.9791666666666666,0.13380464538931847,1.0,1.0,0.9583333333333334,0.08080147313220161,1.0,1.0,0.9490740740740741,0.2286387248472734,0.9379746835443038,0.9430379746835443,0.8512658227848101
0.16224006563425064,1.0,1.0,0.9583333333333334,0.08633263036608696,1.0,1.0,0.9166666666666666,0.09384053448836009,1.0,1.0,0.9375,0.09129673118392627,1.0,1.0,0.9791666666666666,0.12481474410742521,1.0,1.0,0.9583333333333334,0.08271706689681325,1.0,1.0,0.9490740740740741,0.22644312040071296,0.9341772151898734,0.9449367088607595,0.8493670886075949
0.16078508645296097,1.0,1.0,0.9479166666666666,0.08466777764260769,1.0,1.0,0.9166666666666666,0.09166194871068001,1.0,1.0,0.9166666666666666,0.09096115579207738,1.0,1.0,0.9583333333333334,0.12653455883264542,1.0,1.0,0.9375,0.08368821588477918,1.0,1.0,0.9490740740740741,0.2521862706752739,0.9405063291139241,0.9487341772151898,0.850632911392405
0.1640776072939237,1.0,1.0,0.9166666666666666,0.08354320315023263,1.0,1.0,0.9166666666666666,0.09267950057983398,1.0,1.0,0.9166666666666666,0.09098715024689834,1.0,1.0,0.9791666666666666,0.1288837989171346,1.0,1.0,0.9375,0.08294884115457535,1.0,1.0,0.9490740740740741,0.23070547541584632,0.9386075949367089,0.9417721518987342,0.8531645569620253
0.16178020338217416,1.0,1.0,0.9270833333333334,0.08535961868862312,1.0,1.0,0.9166666666666666,0.09268102484444778,1.0,1.0,0.96875,0.09069520359237988,1.0,1.0,0.9791666666666666,0.1266643094519774,1.0,1.0,0.9375,0.08518755628860422,1.0,1.0,0.9490740740740741,0.2315555362388341,0.9430379746835443,0.939873417721519,0.8550632911392405
0.16013683875401816,1.0,1.0,0.9583333333333334,0.08395387915273507,1.0,1.0,0.9166666666666666,0.09140172352393468,1.0,1.0,0.90625,0.09044101772209008,1.0,1.0,0.9791666666666666,0.1259180282553037,1.0,1.0,0.9583333333333334,0.0814258356445602,1.0,1.0,0.9490740740740741,0.22424262461036143,0.9310126582278481,0.9354430379746835,0.8537974683544304
0.16120715936024985,1.0,1.0,0.9479166666666666,0.08423679322004318,1.0,1.0,0.9166666666666666,0.0912861277659734,1.0,1.0,0.9375,0.08998377807438374,1.0,1.0,0.9791666666666666,0.12421943495670955,1.0,1.0,0.9375,0.0826153571584395,1.0,1.0,0.9490740740740741,0.24522987414490094,0.9227848101265823,0.9405063291139241,0.8474683544303797
0.15974492579698563,1.0,1.0,0.9375,0.08422719004253547,1.0,1.0,0.9166666666666666,0.0911905753115813,1.0,1.0,0.9375,0.09050432654718558,1.0,1.0,0.9791666666666666,0.12484512974818547,1.0,1.0,0.9375,0.08047897022749696,1.0,1.0,0.9490740740740741,0.2271861649221844,0.920253164556962,0.9417721518987342,0.8537974683544304
0.1595449298620224,1.0,1.0,0.9270833333333334,0.08804063995679219,1.0,1.0,0.9166666666666666,0.09078666381537914,1.0,1.0,0.9166666666666666,0.09248231165111065,1.0,1.0,0.9270833333333334,0.1258387342095375,1.0,1.0,0.9583333333333334,0.0802175479808024,1.0,1.0,0.9490740740740741,0.22035686972767415,0.919620253164557,0.9430379746835443,0.8544303797468354
0.15932530164718628,1.0,1.0,0.9479166666666666,0.08412889701624711,1.0,1.0,0.90625,0.09010392675797145,1.0,1.0,0.9166666666666666,0.09219087474048138,1.0,1.0,0.9791666666666666,0.12664465978741646,1.0,1.0,0.9375,0.0808495357632637,1.0,1.0,0.9490740740740741,0.2142557966513465,0.9259493670886076,0.9481012658227848,0.8563291139240506
0.1589460795124372,1.0,1.0,0.9375,0.08515147057672341,1.0,1.0,0.9166666666666666,0.08928877611955006,1.0,1.0,0.9375,0.08996618973712127,1.0,1.0,0.9791666666666666,0.12586192165811858,1.0,1.0,0.9583333333333334,0.08009647830788579,1.0,1.0,0.9490740740740741,0.22407818043773825,0.9183544303797468,0.9430379746835443,0.8607594936708861
0.15887526919444403,1.0,1.0,0.9375,0.0862061648319165,1.0,1.0,0.9166666666666666,0.08952874255677064,1.0,1.0,0.9166666666666666,0.09343413015206654,1.0,1.0,0.9791666666666666,0.12512129172682762,1.0,1.0,0.9583333333333334,0.08077771442809276,1.0,1.0,0.9490740740740741,0.218339246481356,0.9170886075949367,0.9481012658227848,0.8531645569620253
0.15894407778978348,1.0,1.0,0.9375,0.08431078493595123,1.0,1.0,0.9166666666666666,0.0894632867226998,1.0,1.0,0.90625,0.08965333675344785,1.0,1.0,0.9583333333333334,0.1287150258819262,1.0,1.0,0.9375,0.08468580911202091,1.0,1.0,0.9490740740740741,0.2321467050398239,0.9227848101265823,0.9436708860759494,0.8537974683544304
0.15816754351059595,1.0,1.0,0.9375,0.08328580856323242,1.0,1.0,0.9166666666666666,0.08986574163039525,1.0,1.0,0.90625,0.09091010317206383,1.0,1.0,0.9583333333333334,0.12654710312684378,1.0,1.0,0.9375,0.08305928403777736,1.0,1.0,0.9490740740740741,0.22265640563435024,0.9177215189873418,0.9373417721518987,0.8607594936708861
0.16109700252612433,1.0,1.0,0.9479166666666666,0.08322919222215812,1.0,1.0,0.9166666666666666,0.09124563137690227,1.0,1.0,0.9375,0.0894010594735543,1.0,1.0,0.9791666666666666,0.12479191770156224,1.0,1.0,0.9583333333333334,0.0806557083768504,1.0,1.0,0.9490740740740741,0.24394086974136758,0.9151898734177215,0.9379746835443038,0.8582278481012658
0.15917192647854486,1.0,1.0,0.9270833333333334,0.08298041236897309,1.0,1.0,0.9166666666666666,0.09053498009840648,1.0,1.0,0.9166666666666666,0.08995807295044263,1.0,1.0,0.9791666666666666,0.12558932354052862,1.0,1.0,0.9583333333333334,0.08125219294535262,1.0,1.0,0.9351851851851852,0.2421761348542541,0.920253164556962,0.9341772151898734,0.8645569620253165
0.1584024354815483,1.0,1.0,0.9270833333333334,0.08291322613755862,1.0,1.0,0.9166666666666666,0.08994404536982377,1.0,1.0,0.9375,0.08945957571268082,1.0,1.0,0.9791666666666666,0.12615305309494337,1.0,1.0,0.9583333333333334,0.08029771463147231,1.0,1.0,0.9490740740740741,0.21927364163025462,0.9246835443037975,0.9316455696202531,0.8632911392405064
0.15831404055158296,1.0,1.0,0.9375,0.08283168822526932,1.0,1.0,0.9166666666666666,0.09002279055615266,1.0,1.0,0.9166666666666666,0.08892920985817909,1.0,1.0,0.9583333333333334,0.12452600399653117,1.0,1.0,0.9583333333333334,0.0824123758024403,1.0,1.0,0.9490740740740741,0.2137317901684178,0.9221518987341772,0.9310126582278481,0.8563291139240506
0.15795729557673135,1.0,1.0,0.9479166666666666,0.0829494260251522,1.0,1.0,0.9166666666666666,0.09234233635167281,1.0,1.0,0.90625,0.09009091866513093,1.0,1.0,0.9583333333333334,0.12643220027287802,1.0,1.0,0.9583333333333334,0.08372129912355117,1.0,1.0,0.9490740740740741,0.21148303629021453,0.9227848101265823,0.9348101265822785,0.8658227848101265
0.15915888051191965,1.0,1.0,0.9479166666666666,0.0830794225136439,1.0,1.0,0.9166666666666666,0.09351004722217719,1.0,1.0,0.9375,0.08934119592110316,1.0,1.0,0.9791666666666666,0.12398468827207883,1.0,1.0,0.9375,0.07711893377459741,1.0,1.0,0.9490740740740741,0.2130315082542824,0.9139240506329114,0.9341772151898734,0.8588607594936709
0.1580015023549398,1.0,1.0,0.9270833333333334,0.08284855571885903,1.0,1.0,0.9166666666666666,0.09038395496706168,1.0,1.0,0.9166666666666666,0.08932242294152577,1.0,1.0,0.9791666666666666,0.12364261721571286,1.0,1.0,0.9375,0.08081030153802463,1.0,1.0,0.9490740740740741,0.20850673746882062,0.9259493670886076,0.9341772151898734,0.8670886075949367
0.1584145724773407,1.0,1.0,0.9270833333333334,0.08282364904880524,1.0,1.0,0.9166666666666666,0.08883225172758102,1.0,1.0,0.9166666666666666,0.08869658783078194,1.0,1.0,0.9791666666666666,0.12421302621563275,1.0,1.0,0.9375,0.08505693610225405,1.0,1.0,0.9490740740740741,0.21163993637369136,0.9088607594936708,0.9291139240506329,0.8626582278481013
0.16011757651964822,1.0,1.0,0.9479166666666666,0.08239561008910339,1.0,1.0,0.9166666666666666,0.08954658855994542,1.0,1.0,0.90625,0.08926177894075711,1.0,1.0,0.96875,0.12628772296011448,1.0,1.0,0.9583333333333334,0.07884107689772334,1.0,1.0,0.9490740740740741,0.21981855150726107,0.9158227848101266,0.9253164556962026,0.8582278481012658
0.1599140539765358,1.0,1.0,0.9270833333333334,0.08330218742291133,1.0,1.0,0.9166666666666666,0.08934123069047928,1.0,1.0,0.8958333333333334,0.08892343814174335,1.0,1.0,0.9791666666666666,0.12374694645404816,1.0,1.0,0.9375,0.0803027581423521,1.0,1.0,0.9490740740740741,0.2512959861243614,0.9126582278481012,0.9227848101265823,0.8430379746835444
0.15862002223730087,1.0,1.0,0.9375,0.08237678060928981,1.0,1.0,0.9166666666666666,0.08982225880026817,1.0,1.0,0.9166666666666666,0.08877465066810449,1.0,1.0,0.9791666666666666,0.12382439648111661,1.0,1.0,0.9375,0.07886917250497001,1.0,1.0,0.9490740740740741,0.2728785315547327,0.9215189873417722,0.9221518987341772,0.8537974683544304
0.1581367924809456,1.0,1.0,0.9479166666666666,0.08396139244238536,1.0,1.0,0.9166666666666666,0.09135780669748783,1.0,1.0,0.96875,0.0903485535333554,1.0,1.0,0.9791666666666666,0.12573629120985666,1.0,1.0,0.9583333333333334,0.08134749145912272,1.0,1.0,0.9490740740740741,0.23290536063488085,0.9063291139240506,0.9227848101265823,0.8550632911392405
0.15877191970745722,1.0,1.0,0.9270833333333334,0.08223152408997218,1.0,1.0,0.9166666666666666,0.090151596814394,1.0,1.0,0.90625,0.08908110049863656,1.0,1.0,0.9583333333333334,0.1228252040843169,1.0,1.0,0.9583333333333334,0.08123914651306612,1.0,1.0,0.9490740740740741,0.22406327814766855,0.9056962025316456,0.920253164556962,0.8582278481012658
0.1579374596476555,1.0,1.0,0.9375,0.08216150974233945,1.0,1.0,0.9166666666666666,0.09405639705558617,1.0,1.0,0.9375,0.08917948603630066,1.0,1.0,0.9583333333333334,0.12326184287667274,1.0,1.0,0.9375,0.08062304024185453,1.0,1.0,0.9490740740740741,0.21805980135545586,0.9126582278481012,0.9259493670886076,0.8582278481012658
0.15749566008647284,1.0,1.0,0.9479166666666666,0.08247367665171623,1.0,1.0,0.9166666666666666,0.09056359777847926,1.0,1.0,0.9375,0.08938799736400445,1.0,1.0,0.9791666666666666,0.12548250456651053,1.0,1.0,0.9375,0.08118677072759185,1.0,1.0,0.9490740740740741,0.20723268924036412,0.9094936708860759,0.9208860759493671,0.8613924050632912
0.1585505430897077,1.0,1.0,0.9479166666666666,0.08221446784834067,1.0,1.0,0.9166666666666666,0.08877286439140637,1.0,1.0,0.9166666666666666,0.09014936288197835,1.0,1.0,0.9791666666666666,0.1252178680151701,1.0,1.0,0.9583333333333334,0.08139887824654579,1.0,1.0,0.9351851851851852,0.19955026659399572,0.9094936708860759,0.9189873417721519,0.859493670886076
0.15729753052194914,1.0,1.0,0.9375,0.08265443270405133,1.0,1.0,0.9166666666666666,0.08977219058821599,1.0,1.0,0.9375,0.08985691703855991,1.0,1.0,0.8958333333333334,0.12614000961184502,1.0,1.0,0.9583333333333334,0.0814766918442079,1.0,1.0,0.9490740740740741,0.20084357314338588,0.9151898734177215,0.9227848101265823,0.8626582278481013
0.15741399054725966,1.0,1.0,0.9375,0.08233230498929818,1.0,1.0,0.9166666666666666,0.09069361972312133,1.0,1.0,0.9166666666666666,0.09061532219250996,1.0,1.0,0.9791666666666666,0.12381537506977718,1.0,1.0,0.9375,0.08056790009140968,1.0,1.0,0.9490740740740741,0.20181745350962937,0.9151898734177215,0.9234177215189874,0.8632911392405064
0.15803255885839462,1.0,1.0,0.9375,0.08223219277958076,1.0,1.0,0.9166666666666666,0.08972785311440627,1.0,1.0,0.9166666666666666,0.0887853391468525,1.0,1.0,0.9791666666666666,0.1250253344575564,1.0,1.0,0.9375,0.082683843826609,1.0,1.0,0.9490740740740741,0.21235003977110892,0.9018987341772152,0.9253164556962026,0.860126582278481
0.15772772828737894,1.0,1.0,0.9270833333333334,0.08256300042072932,1.0,1.0,0.9166666666666666,0.08971220503250758,1.0,1.0,0.90625,0.08961407095193863,1.0,1.0,0.9583333333333334,0.1228959212700526,1.0,1.0,0.9375,0.07983078727764743,1.0,1.0,0.9490740740740741,0.20526588444757943,0.9056962025316456,0.9284810126582278,0.8588607594936709
0.15747526039679846,1.0,1.0,0.9479166666666666,0.0827827329436938,1.0,1.0,0.9166666666666666,0.08936906543870766,1.0,1.0,0.9375,0.08804017615815003,1.0,1.0,0.9791666666666666,0.12358907486001651,1.0,1.0,0.9375,0.07832969818264246,1.0,1.0,0.9490740740740741,0.20917468766371408,0.9031645569620254,0.9234177215189874,0.8658227848101265
0.1577131599187851,1.0,1.0,0.9479166666666666,0.083613486494869,1.0,1.0,0.9166666666666666,0.08916492760181427,1.0,1.0,0.9375,0.08857460816701253,1.0,1.0,0.9791666666666666,0.12230500640968482,1.0,1.0,0.9583333333333334,0.08006344230047294,1.0,1.0,0.9490740740740741,0.2346483836270342,0.9227848101265823,0.9221518987341772,0.85
0.15713123232126236,1.0,1.0,0.9270833333333334,0.08460964014132817,1.0,1.0,0.9166666666666666,0.09215880744159222,1.0,1.0,0.90625,0.08901408687233925,1.0,1.0,0.96875,0.12288152053952217,1.0,1.0,0.9583333333333334,0.07965110561677388,1.0,1.0,0.9490740740740741,0.23858205507500002,0.9056962025316456,0.9272151898734177,0.8582278481012658
0.15765921026468277,1.0,1.0,0.9270833333333334,0.08254512151082356,1.0,1.0,0.9166666666666666,0.08778904999295871,1.0,1.0,0.9375,0.08809336523214976,1.0,1.0,0.96875,0.1242163988451163,1.0,1.0,0.9583333333333334,0.08041598168866974,1.0,1.0,0.9490740740740741,0.21880606584476703,0.9069620253164556,0.9272151898734177,0.8487341772151898
0.15758240719636282,1.0,1.0,0.9375,0.08176381327211857,1.0,1.0,0.9166666666666666,0.08876757261653741,1.0,1.0,0.9375,0.08841757414241631,1.0,1.0,0.9791666666666666,0.12344613795479138,1.0,1.0,0.9583333333333334,0.08006996581596988,1.0,1.0,0.9490740740740741,0.22259430632446753,0.9025316455696203,0.9234177215189874,0.8632911392405064
0.15700421979029974,1.0,1.0,0.9479166666666666,0.08272617682814598,1.0,1.0,0.9166666666666666,0.09165051206946373,1.0,1.0,0.9375,0.09162948466837406,1.0,1.0,0.9791666666666666,0.12344541152318318,1.0,1.0,0.9375,0.08065636562449592,1.0,1.0,0.9490740740740741,0.20939135882589552,0.9044303797468355,0.9227848101265823,0.8563291139240506
0.1572432741522789,1.0,1.0,0.9479166666666666,0.08213856630027294,1.0,1.0,0.9166666666666666,0.08844485878944397,1.0,1.0,0.90625,0.088423702865839,1.0,1.0,0.9270833333333334,0.12351756667097409,1.0,1.0,0.9583333333333334,0.08295423470969711,1.0,1.0,0.9490740740740741,0.22003652053800496,0.9,0.9227848101265823,0.8512658227848101
0.15678193544348082,1.0,1.0,0.9375,0.08307194833954175,1.0,1.0,0.9166666666666666,0.09099316969513893,1.0,1.0,0.9166666666666666,0.08916028030216694,1.0,1.0,0.9270833333333334,0.1224860946337382,1.0,1.0,0.9375,0.08306275108563048,1.0,1.0,0.9490740740740741,0.2144568618198838,0.9025316455696203,0.9215189873417722,0.8550632911392405
0.15682091067234674,1.0,1.0,0.9375,0.08163036530216534,1.0,1.0,0.9166666666666666,0.08688525172571342,1.0,1.0,0.9375,0.08848448097705841,1.0,1.0,0.9791666666666666,0.12439507246017456,1.0,1.0,0.9375,0.08386664345328297,1.0,1.0,0.9490740740740741,0.20451289114325938,0.9037974683544304,0.9297468354430379,0.8613924050632912
0.15826102097829184,1.0,1.0,0.9479166666666666,0.08226328032712142,1.0,1.0,0.9166666666666666,0.09362750376264255,1.0,1.0,0.9375,0.09109747037291527,1.0,1.0,0.9791666666666666,0.12179393321275711,1.0,1.0,0.9375,0.08107119772051062,1.0,1.0,0.9490740740740741,0.20135855012469822,0.9063291139240506,0.9265822784810127,0.8569620253164557
0.15782109647989273,1.0,1.0,0.9270833333333334,0.08217481554796298,1.0,1.0,0.9166666666666666,0.09263003276040156,1.0,1.0,0.90625,0.0918527872612079,1.0,1.0,0.9583333333333334,0.12332357528309028,1.0,1.0,0.9583333333333334,0.07955521132264819,1.0,1.0,0.9490740740740741,0.1996388143737509,0.9044303797468355,0.9265822784810127,0.860126582278481
0.15693660577138266,1.0,1.0,0.9375,0.08517625741660595,1.0,1.0,0.9166666666666666,0.09021608407298724,1.0,1.0,0.9375,0.08864608903725942,1.0,1.0,0.9583333333333334,0.12504088133573532,1.0,1.0,0.9583333333333334,0.07773701618550279,1.0,1.0,0.9490740740740741,0.1920545611041363,0.9088607594936708,0.9253164556962026,0.8632911392405064
0.15698561817407608,1.0,1.0,0.9375,0.08289036713540554,1.0,1.0,0.9166666666666666,0.08954594408472379,1.0,1.0,0.9375,0.08820674444238345,1.0,1.0,0.9791666666666666,0.12422723074754079,1.0,1.0,0.9375,0.07970130031130143,1.0,1.0,0.9490740740740741,0.21396899486732002,0.9037974683544304,0.9265822784810127,0.8556962025316456
0.15663030246893564,1.0,1.0,0.9479166666666666,0.08187261410057545,1.0,1.0,0.9166666666666666,0.08866807880500953,1.0,1.0,0.9166666666666666,0.08803105540573597,1.0,1.0,0.9791666666666666,0.12344827378789584,1.0,1.0,0.9583333333333334,0.07930401260299343,1.0,1.0,0.9490740740740741,0.2289876158941876,0.9063291139240506,0.9284810126582278,0.8525316455696202
0.15685045719146729,1.0,1.0,0.9479166666666666,0.08142136394356687,1.0,1.0,0.9166666666666666,0.08860848347345988,1.0,1.0,0.9166666666666666,0.088627469415466,1.0,1.0,0.9791666666666666,0.12272937347491582,1.0,1.0,0.9583333333333334,0.08007864707282611,1.0,1.0,0.9490740740740741,0.21567362923212727,0.9145569620253164,0.9367088607594937,0.8563291139240506
0.15689810862143835,1.0,1.0,0.9270833333333334,0.08179154992103577,1.0,1.0,0.9166666666666666,0.08940231241285801,1.0,1.0,0.9375,0.08923312649130821,1.0,1.0,0.9583333333333334,0.12474065025647481,1.0,1.0,0.9583333333333334,0.07908013103795904,1.0,1.0,0.9490740740740741,0.20040533548653727,0.9075949367088607,0.9360759493670886,0.860126582278481
0.1574258767068386,1.0,1.0,0.9479166666666666,0.08192562436064084,1.0,1.0,0.9166666666666666,0.09055132046341896,1.0,1.0,0.9166666666666666,0.08792005851864815,1.0,1.0,0.9791666666666666,0.12519527661303678,1.0,1.0,0.9375,0.0808563109354249,1.0,1.0,0.9490740740740741,0.1941647981904974,0.9120253164556962,0.9386075949367089,0.8626582278481013
0.15799204632639885,1.0,1.0,0.9479166666666666,0.08109535276889801,1.0,1.0,0.9166666666666666,0.08747268406053384,1.0,1.0,0.9166666666666666,0.08837542807062466,1.0,1.0,0.9791666666666666,0.12276610949387153,1.0,1.0,0.9375,0.08179262493337904,1.0,1.0,0.9490740740740741,0.19651815347900295,0.910759493670886,0.9360759493670886,0.8588607594936709
0.15578236927588782,1.0,1.0,0.9270833333333334,0.08298502924541633,1.0,1.0,0.9166666666666666,0.08734371823569138,1.0,1.0,0.9375,0.08885046343008678,1.0,1.0,0.9791666666666666,0.12434582784771919,1.0,1.0,0.9583333333333334,0.0793896062033517,1.0,1.0,0.9490740740740741,0.1892813475369805,0.9151898734177215,0.9335443037974683,0.8645569620253165
0.15749776611725488,1.0,1.0,0.9270833333333334,0.0832327101379633,1.0,1.0,0.9166666666666666,0.08843321291108926,1.0,1.0,0.9375,0.08738674595952034,1.0,1.0,0.9791666666666666,0.12487293283144633,1.0,1.0,0.9375,0.07873616234532424,1.0,1.0,0.9490740740740741,0.18994542060777395,0.9227848101265823,0.9379746835443038,0.8639240506329114
0.15742800384759903,1.0,1.0,0.9270833333333334,0.0824507474899292,1.0,1.0,0.9166666666666666,0.08840750468273957,1.0,1.0,0.90625,0.08756868665417035,1.0,1.0,0.9791666666666666,0.1233052456130584,1.0,1.0,0.9375,0.07923926546105317,1.0,1.0,0.9490740740740741,0.19050547740224635,0.9253164556962026,0.9379746835443038,0.8613924050632912
0.15777460361520448,1.0,1.0,0.9479166666666666,0.08321196523805459,1.0,1.0,0.9166666666666666,0.089201836536328,1.0,1.0,0.9166666666666666,0.08750439683596294,1.0,1.0,0.9791666666666666,0.12432771176099777,1.0,1.0,0.9583333333333334,0.0816134794482163,1.0,1.0,0.9490740740740741,0.20371327786283058,0.919620253164557,0.9417721518987342,0.8474683544303797
0.1578094263871511,1.0,1.0,0.9479166666666666,0.08137170039117336,1.0,1.0,0.9166666666666666,0.08850315026938915,1.0,1.0,0.9375,0.08741900945703189,1.0,1.0,0.9791666666666666,0.12207715213298798,1.0,1.0,0.9583333333333334,0.0807005385203021,1.0,1.0,0.9490740740740741,0.27589409768280354,0.9284810126582278,0.9367088607594937,0.8512658227848101
0.15654786179463068,1.0,1.0,0.9270833333333334,0.08134584284077089,1.0,1.0,0.9166666666666666,0.08806620041529338,1.0,1.0,0.9166666666666666,0.08741563806931178,1.0,1.0,0.9791666666666666,0.12258576788008213,1.0,1.0,0.9375,0.07840061453836304,1.0,1.0,0.9490740740740741,0.23989939930463078,0.9221518987341772,0.930379746835443,0.8544303797468354
0.15707681576410928,1.0,1.0,0.9270833333333334,0.08387950311104457,1.0,1.0,0.9166666666666666,0.08763358804086845,1.0,1.0,0.9166666666666666,0.08762162799636523,1.0,1.0,0.9791666666666666,0.1222657064596812,1.0,1.0,0.9583333333333334,0.0789536429303033,1.0,1.0,0.9444444444444444,0.22023309135075772,0.9183544303797468,0.9278481012658227,0.8544303797468354
0.15706398213903108,1.0,1.0,0.9375,0.0838147085160017,1.0,1.0,0.90625,0.08889721644421418,1.0,1.0,0.9375,0.0875415097301205,1.0,1.0,0.9791666666666666,0.12467525651057561,1.0,1.0,0.9375,0.08110911651913609,1.0,1.0,0.9490740740740741,0.20267251032319936,0.9183544303797468,0.9297468354430379,0.8525316455696202
0.15669996415575346,1.0,1.0,0.9479166666666666,0.0820480181525151,1.0,1.0,0.9166666666666666,0.08847746935983498,1.0,1.0,0.9166666666666666,0.0876517309807241,1.0,1.0,0.9791666666666666,0.12396200249592464,1.0,1.0,0.9583333333333334,0.07835354283452034,1.0,1.0,0.9490740740740741,0.19899603212722625,0.9088607594936708,0.9329113924050633,0.859493670886076
0.15643840158979097,1.0,1.0,0.9375,0.08113252495725949,1.0,1.0,0.9166666666666666,0.08792796358466148,1.0,1.0,0.9166666666666666,0.08748784412940343,1.0,1.0,0.9791666666666666,0.12337003648281097,1.0,1.0,0.9583333333333334,0.0806743185967207,1.0,1.0,0.9490740740740741,0.20027835478987357,0.9063291139240506,0.9310126582278481,0.8582278481012658
0.15647373596827188,1.0,1.0,0.9270833333333334,0.08192316877345245,1.0,1.0,0.9166666666666666,0.08875539898872375,1.0,1.0,0.9375,0.0882086269557476,1.0,1.0,0.9583333333333334,0.12281581883629163,1.0,1.0,0.9583333333333334,0.08057207747229508,1.0,1.0,0.9490740740740741,0.19794533845752177,0.9164556962025316,0.9284810126582278,0.8462025316455696
0.1575152352452278,1.0,1.0,0.9270833333333334,0.08156671933829784,1.0,1.0,0.9166666666666666,0.08789627316097419,1.0,1.0,0.9375,0.08805355367561181,1.0,1.0,0.9791666666666666,0.12384333585699399,1.0,1.0,0.9583333333333334,0.07875290153814214,1.0,1.0,0.9490740740740741,0.1999568333378946,0.8943037974683544,0.9240506329113924,0.8639240506329114
0.15643910442789397,1.0,1.0,0.9479166666666666,0.0815973828236262,1.0,1.0,0.9166666666666666,0.08752653561532497,1.0,1.0,0.9166666666666666,0.08738023353119691,1.0,1.0,0.9791666666666666,0.12206823254625003,1.0,1.0,0.9375,0.08072478270956449,1.0,1.0,0.9490740740740741,0.1933122097392275,0.8962025316455696,0.9240506329113924,0.8588607594936709
0.15772187958161035,1.0,1.0,0.9479166666666666,0.0823595691472292,1.0,1.0,0.9166666666666666,0.08781111426651478,1.0,1.0,0.9166666666666666,0.08735805874069531,1.0,1.0,0.9791666666666666,0.12225895499189694,1.0,1.0,0.9583333333333334,0.07842827375446047,1.0,1.0,0.9490740740740741,0.18910889282371057,0.8917721518987342,0.9240506329113924,0.8575949367088608
0.15638083219528198,1.0,1.0,0.9375,0.0818046114097039,1.0,1.0,0.9166666666666666,0.08720638416707516,1.0,1.0,0.9166666666666666,0.08753981441259384,1.0,1.0,0.9791666666666666,0.12193584317962329,1.0,1.0,0.9583333333333334,0.0771628622231739,1.0,1.0,0.9490740740740741,0.18652016014763803,0.889873417721519,0.9208860759493671,0.860126582278481
0.15616115927696228,1.0,1.0,0.9270833333333334,0.08197886993487676,1.0,1.0,0.9166666666666666,0.08865882083773613,1.0,1.0,0.9375,0.0871523500730594,1.0,1.0,0.9791666666666666,0.12386381129423778,1.0,1.0,0.9583333333333334,0.07795903672065053,1.0,1.0,0.9490740740740741,0.2013736395071251,0.8936708860759494,0.9215189873417722,0.8531645569620253
0.15652229388554892,1.0,1.0,0.9270833333333334,0.08127469445268314,1.0,1.0,0.9166666666666666,0.08793994473914306,1.0,1.0,0.9375,0.08763084498544534,1.0,1.0,0.9791666666666666,0.12336879347761472,1.0,1.0,0.9375,0.08074936669852052,1.0,1.0,0.9490740740740741,0.2510064924606169,0.9056962025316456,0.9215189873417722,0.859493670886076
0.15702063341935477,1.0,1.0,0.9479166666666666,0.08089193453391393,1.0,1.0,0.9166666666666666,0.08830234097937743,1.0,1.0,0.9166666666666666,0.08873977760473888,1.0,1.0,0.9583333333333334,0.12173572182655334,1.0,1.0,0.9375,0.07907378859817982,1.0,1.0,0.9490740740740741,0.20226057227512803,0.9145569620253164,0.9240506329113924,0.859493670886076
0.15628139426310858,1.0,1.0,0.9270833333333334,0.08189507573843002,1.0,1.0,0.9166666666666666,0.0931257779399554,1.0,1.0,0.96875,0.08737964555621147,1.0,1.0,0.9791666666666666,0.12173619555930297,1.0,1.0,0.9375,0.07741826729865611,1.0,1.0,0.9444444444444444,0.1952541981908408,0.9183544303797468,0.9253164556962026,0.8613924050632912
0.1565873697400093,1.0,1.0,0.9375,0.08144078279534976,1.0,1.0,0.9166666666666666,0.08868142093221347,1.0,1.0,0.9166666666666666,0.08716453798115253,1.0,1.0,0.9791666666666666,0.12226356628040473,1.0,1.0,0.9583333333333334,0.08305736870637961,1.0,1.0,0.9490740740740741,0.1906326087285774,0.9139240506329114,0.9297468354430379,0.8721518987341772
0.15732950965563455,1.0,1.0,0.9375,0.08114010281860828,1.0,1.0,0.9166666666666666,0.0886070691049099,1.0,1.0,0.9375,0.08760997653007507,1.0,1.0,0.9791666666666666,0.12310124561190605,1.0,1.0,0.9583333333333334,0.08151251051042761,1.0,1.0,0.9490740740740741,0.20671940888419296,0.9044303797468355,0.9227848101265823,0.8525316455696202
0.15639526645342508,1.0,1.0,0.9479166666666666,0.08133717533200979,1.0,1.0,0.9166666666666666,0.08717131614685059,1.0,1.0,0.9375,0.08723344653844833,1.0,1.0,0.9791666666666666,0.12328410024444263,1.0,1.0,0.9583333333333334,0.0829108553007245,1.0,1.0,0.9490740740740741,0.20931887589018755,0.8911392405063291,0.9189873417721519,0.8531645569620253
0.1576922908425331,1.0,1.0,0.9270833333333334,0.08101094638307889,1.0,1.0,0.9166666666666666,0.08724457956850529,1.0,1.0,0.9166666666666666,0.08687702255944411,1.0,1.0,0.96875,0.12187898407379787,1.0,1.0,0.9375,0.07827346479254109,1.0,1.0,0.9490740740740741,0.21038260826408262,0.9031645569620254,0.919620253164557,0.8575949367088608
0.15727928777535757,1.0,1.0,0.9479166666666666,0.08140736818313599,1.0,1.0,0.9166666666666666,0.08722402155399323,1.0,1.0,0.9166666666666666,0.08763805652658145,1.0,1.0,0.9791666666666666,0.12230658655365308,1.0,1.0,0.9375,0.07985181068735463,1.0,1.0,0.9490740740740741,0.19995725030700365,0.9012658227848102,0.9234177215189874,0.8607594936708861
0.15640508631865183,1.0,1.0,0.9479166666666666,0.08107156492769718,1.0,1.0,0.9166666666666666,0.08716477826237679,1.0,1.0,0.9166666666666666,0.087038429453969,1.0,1.0,0.96875,0.12296714261174202,1.0,1.0,0.9583333333333334,0.07962366060486861,1.0,1.0,0.9490740740740741,0.18650388506927876,0.9050632911392406,0.9215189873417722,0.8632911392405064
0.1566408450404803,1.0,1.0,0.9375,0.08089144590000312,1.0,1.0,0.9166666666666666,0.08764245609442393,1.0,1.0,0.9375,0.08745807657639186,1.0,1.0,0.9791666666666666,0.12286222291489442,1.0,1.0,0.9375,0.08208716580910343,1.0,1.0,0.9490740740740741,0.19183767692308235,0.9088607594936708,0.9227848101265823,0.8575949367088608
0.15677517155806223,1.0,1.0,0.9479166666666666,0.08137743454426527,1.0,1.0,0.9166666666666666,0.08825974787274997,1.0,1.0,0.9375,0.08906176189581554,1.0,1.0,0.9791666666666666,0.1236836810906728,1.0,1.0,0.9583333333333334,0.07954216322728566,1.0,1.0,0.9490740740740741,0.18429724623759589,0.9006329113924051,0.9215189873417722,0.8582278481012658
0.157084030409654,1.0,1.0,0.9270833333333334,0.08117347086469333,1.0,1.0,0.9166666666666666,0.09085280820727348,1.0,1.0,0.9166666666666666,0.0868250181277593,1.0,1.0,0.9791666666666666,0.12235996748010318,1.0,1.0,0.9583333333333334,0.0804801168186324,1.0,1.0,0.9490740740740741,0.2294752931203505,0.9018987341772152,0.9234177215189874,0.8379746835443038
0.1569396803776423,1.0,1.0,0.9270833333333334,0.08122329662243526,1.0,1.0,0.9166666666666666,0.08980080795784791,1.0,1.0,0.9375,0.08677877485752106,1.0,1.0,0.9583333333333334,0.12120410085966189,1.0,1.0,0.9375,0.08050275487559182,1.0,1.0,0.9444444444444444,0.22537040635190828,0.9170886075949367,0.9227848101265823,0.8544303797468354
0.15676371504863104,1.0,1.0,0.9479166666666666,0.08087763252357642,1.0,1.0,0.9166666666666666,0.08768215961754322,1.0,1.0,0.9375,0.0876706913113594,1.0,1.0,0.9583333333333334,0.1215844452381134,1.0,1.0,0.9583333333333334,0.07761405168899468,1.0,1.0,0.9490740740740741,0.19421056055962438,0.9094936708860759,0.9215189873417722,0.8607594936708861
0.15627211580673853,1.0,1.0,0.9479166666666666,0.08127474536498387,1.0,1.0,0.9166666666666666,0.0874232966452837,1.0,1.0,0.9166666666666666,0.08713681188722451,1.0,1.0,0.96875,0.12266657749811809,1.0,1.0,0.9583333333333334,0.07954366072746259,1.0,1.0,0.9490740740740741,0.18456295200369574,0.910759493670886,0.9215189873417722,0.859493670886076
0.15602557609478632,1.0,1.0,0.9479166666666666,0.081831319257617,1.0,1.0,0.9166666666666666,0.0871616496394078,1.0,1.0,0.9166666666666666,0.08683291636407375,1.0,1.0,0.9791666666666666,0.12207650703688462,1.0,1.0,0.9583333333333334,0.07935393841138907,1.0,1.0,0.9490740740740741,0.18064546825909855,0.9126582278481012,0.9234177215189874,0.8620253164556962
0.15618485088149706,1.0,1.0,0.9270833333333334,0.08127688243985176,1.0,1.0,0.9166666666666666,0.088906429708004,1.0,1.0,0.9375,0.08809885941445827,1.0,1.0,0.9791666666666666,0.12236650288105011,1.0,1.0,0.9375,0.07841692119836807,1.0,1.0,0.9490740740740741,0.18425828414131898,0.9031645569620254,0.9221518987341772,0.8569620253164557
0.1561952754855156,1.0,1.0,0.9270833333333334,0.08132061548531055,1.0,1.0,0.9166666666666666,0.08772052389880021,1.0,1.0,0.9166666666666666,0.08693087225159009,1.0,1.0,0.9791666666666666,0.1217831422885259,1.0,1.0,0.9375,0.08021335090909686,1.0,1.0,0.9490740740740741,0.1817474780660687,0.9012658227848102,0.9234177215189874,0.860126582278481
0.156071608265241,1.0,1.0,0.9270833333333334,0.08194925511876743,1.0,1.0,0.9166666666666666,0.08912182599306107,1.0,1.0,0.9375,0.08919360116124153,1.0,1.0,0.9791666666666666,0.12132888163129489,1.0,1.0,0.9375,0.07803161142926131,1.0,1.0,0.9444444444444444,0.18187037637137404,0.9018987341772152,0.9253164556962026,0.8607594936708861
0.15662451088428497,1.0,1.0,0.9479166666666666,0.08245148044079542,1.0,1.0,0.9166666666666666,0.08737049500147502,1.0,1.0,0.9375,0.08742121234536171,1.0,1.0,0.9583333333333334,0.12184761216243108,1.0,1.0,0.9375,0.08269038344068187,1.0,1.0,0.9490740740740741,0.18258103250403596,0.9012658227848102,0.9246835443037975,0.8607594936708861
0.15630822628736496,1.0,1.0,0.9375,0.08114857599139214,1.0,1.0,0.9166666666666666,0.08746709115803242,1.0,1.0,0.9166666666666666,0.08719997728864352,1.0,1.0,0.9583333333333334,0.12129034971197446,1.0,1.0,0.9583333333333334,0.07939313445240259,1.0,1.0,0.9490740740740741,0.19689784853747397,0.8949367088607595,0.9221518987341772,0.8537974683544304
0.1579205021262169,1.0,1.0,0.9270833333333334,0.08103895125289758,1.0,1.0,0.9166666666666666,0.08714607357978821,1.0,1.0,0.9166666666666666,0.08729278358320396,1.0,1.0,0.9583333333333334,0.12209961066643397,1.0,1.0,0.9583333333333334,0.07735771768472789,1.0,1.0,0.9490740740740741,0.23113741116090256,0.9126582278481012,0.9234177215189874,0.8550632911392405
0.15609598656495413,1.0,1.0,0.9479166666666666,0.08130223366121452,1.0,1.0,0.9166666666666666,0.0873467419296503,1.0,1.0,0.9375,0.08732674643397331,1.0,1.0,0.9791666666666666,0.12159610291322072,1.0,1.0,0.9583333333333334,0.08218200504779816,1.0,1.0,0.9490740740740741,0.20434891379842854,0.9088607594936708,0.9240506329113924,0.8556962025316456
0.15591968595981598,1.0,1.0,0.9479166666666666,0.08200447540730238,1.0,1.0,0.9166666666666666,0.08790809288620949,1.0,1.0,0.9166666666666666,0.08713728934526443,1.0,1.0,0.9791666666666666,0.12288627463082473,1.0,1.0,0.9375,0.07980147137173585,1.0,1.0,0.9490740740740741,0.20610225862926906,0.910759493670886,0.9215189873417722,0.8575949367088608
0.15600146229068437,1.0,1.0,0.9479166666666666,0.0812696802119414,1.0,1.0,0.9166666666666666,0.08695959423979123,1.0,1.0,0.9375,0.08723823850353558,1.0,1.0,0.9791666666666666,0.12194492667913437,1.0,1.0,0.9375,0.08031275149966989,1.0,1.0,0.9490740740740741,0.2076107483319562,0.910759493670886,0.9240506329113924,0.859493670886076
0.15660546471675238,1.0,1.0,0.9479166666666666,0.08111612933377425,1.0,1.0,0.9166666666666666,0.08800812686483066,1.0,1.0,0.9166666666666666,0.08705232789119084,1.0,1.0,0.9791666666666666,0.12115384265780449,1.0,1.0,0.9583333333333334,0.07986158944134202,1.0,1.0,0.9444444444444444,0.18865126190763531,0.9126582278481012,0.9246835443037975,0.8544303797468354
0.158541110654672,1.0,1.0,0.9270833333333334,0.08081858232617378,1.0,1.0,0.9166666666666666,0.08661932870745659,1.0,1.0,0.9375,0.08681026597817738,1.0,1.0,0.9791666666666666,0.12110676368077596,1.0,1.0,0.9583333333333334,0.07963498229426998,1.0,1.0,0.9444444444444444,0.18148713295507912,0.9069620253164556,0.9246835443037975,0.8651898734177215
0.15825066963831583,1.0,1.0,0.9479166666666666,0.08078607668479283,1.0,1.0,0.9166666666666666,0.08705783262848854,1.0,1.0,0.9375,0.0873908307403326,1.0,1.0,0.9791666666666666,0.12120367586612701,1.0,1.0,0.9583333333333334,0.0782188858304705,1.0,1.0,0.9490740740740741,0.17987428936693403,0.9056962025316456,0.9253164556962026,0.8544303797468354
0.15624514718850455,1.0,1.0,0.9479166666666666,0.08138882430891196,1.0,1.0,0.9166666666666666,0.08678699657320976,1.0,1.0,0.9375,0.08698689751327038,1.0,1.0,0.9791666666666666,0.12334979449709256,1.0,1.0,0.9375,0.08011994058532375,1.0,1.0,0.9490740740740741,0.1756541131421773,0.9037974683544304,0.9234177215189874,0.8645569620253165
0.1564186563094457,1.0,1.0,0.9270833333333334,0.0806116151312987,1.0,1.0,0.9166666666666666,0.08661717548966408,1.0,1.0,0.9166666666666666,0.0871147233992815,1.0,1.0,0.9791666666666666,0.12131396060188611,1.0,1.0,0.9375,0.08137163519859314,1.0,1.0,0.9444444444444444,0.18692897666584363,0.9113924050632911,0.919620253164557,0.8639240506329114
0.15603641668955484,1.0,1.0,0.9375,0.08088187625010808,1.0,1.0,0.9166666666666666,0.08669067919254303,1.0,1.0,0.9166666666666666,0.08689478474358718,1.0,1.0,0.9791666666666666,0.1216915175318718,1.0,1.0,0.9583333333333334,0.07760179561695882,1.0,1.0,0.9490740740740741,0.2312441741426786,0.9189873417721519,0.9284810126582278,0.8525316455696202
0.1562336633602778,1.0,1.0,0.9479166666666666,0.08136920351535082,1.0,1.0,0.9166666666666666,0.0878426544368267,1.0,1.0,0.9375,0.0880051739513874,1.0,1.0,0.9791666666666666,0.12107057124376297,1.0,1.0,0.9583333333333334,0.08040214010647365,1.0,1.0,0.9490740740740741,0.22213839235329869,0.910759493670886,0.9215189873417722,0.8626582278481013
0.15628220637639365,1.0,1.0,0.9479166666666666,0.08154360391199589,1.0,1.0,0.9166666666666666,0.08673639843861262,1.0,1.0,0.9166666666666666,0.08691850552956264,1.0,1.0,0.9583333333333334,0.12186196446418762,1.0,1.0,0.9583333333333334,0.07957381276147706,1.0,1.0,0.9490740740740741,0.24369938686640577,0.9158227848101266,0.9246835443037975,0.8417721518987342
0.15748006602128348,1.0,1.0,0.9270833333333334,0.08118195210893948,1.0,1.0,0.9166666666666666,0.08679859278102715,1.0,1.0,0.9166666666666666,0.08721400176485379,1.0,1.0,0.9583333333333334,0.12158069883783658,1.0,1.0,0.9583333333333334,0.077802973001131,1.0,1.0,0.9490740740740741,0.2906798755731245,0.9208860759493671,0.9240506329113924,0.839240506329114
0.15604832271734873,1.0,1.0,0.9375,0.08245350793004036,1.0,1.0,0.9166666666666666,0.08696024989088376,1.0,1.0,0.9375,0.0873892493546009,1.0,1.0,0.9791666666666666,0.1214611070851485,1.0,1.0,0.9375,0.07879092597535678,1.0,1.0,0.9490740740740741,0.23550507177909216,0.9094936708860759,0.9246835443037975,0.8607594936708861
0.15632314234972,1.0,1.0,0.9270833333333334,0.08167143103977044,1.0,1.0,0.9166666666666666,0.08914462725321452,1.0,1.0,0.9375,0.0867208931595087,1.0,1.0,0.9791666666666666,0.1225696752468745,1.0,1.0,0.9375,0.0783499585730689,1.0,1.0,0.9490740740740741,0.20699023410226358,0.910759493670886,0.9278481012658227,0.8607594936708861
0.15608485788106918,1.0,1.0,0.9479166666666666,0.08168237718443076,1.0,1.0,0.9166666666666666,0.08660067307452361,1.0,1.0,0.9166666666666666,0.08724063696960609,1.0,1.0,0.9583333333333334,0.12160850937167804,1.0,1.0,0.9375,0.08021610310035092,1.0,1.0,0.9490740740740741,0.20527115505602625,0.9120253164556962,0.9278481012658227,0.8588607594936709
0.156491128106912,1.0,1.0,0.9479166666666666,0.08098038844764233,1.0,1.0,0.9166666666666666,0.08673797734081745,1.0,1.0,0.9166666666666666,0.08674216270446777,1.0,1.0,0.96875,0.12189724047978719,1.0,1.0,0.9583333333333334,0.08022181277296372,1.0,1.0,0.9490740740740741,0.19711133563006766,0.9139240506329114,0.9316455696202531,0.8613924050632912
0.15618414680163065,1.0,1.0,0.9479166666666666,0.08161948528140783,1.0,1.0,0.9166666666666666,0.08713059934477012,1.0,1.0,0.9166666666666666,0.08685121623178323,1.0,1.0,0.9791666666666666,0.1208488071958224,1.0,1.0,0.9583333333333334,0.07972896099090576,1.0,1.0,0.9490740740740741,0.1876136664338786,0.9126582278481012,0.930379746835443,0.8645569620253165
0.15588213503360748,1.0,1.0,0.9270833333333334,0.08119816457231839,1.0,1.0,0.9166666666666666,0.08660114991168182,1.0,1.0,0.9166666666666666,0.08703852382798989,1.0,1.0,0.9791666666666666,0.12350239728887875,1.0,1.0,0.9583333333333334,0.07814940437674522,1.0,1.0,0.9490740740740741,0.1818258800741398,0.9063291139240506,0.9272151898734177,0.8607594936708861
0.1560024544596672,1.0,1.0,0.9270833333333334,0.08093737438321114,1.0,1.0,0.9166666666666666,0.08683350620170434,1.0,1.0,0.9375,0.08701181722184022,1.0,1.0,0.9791666666666666,0.12061313539743423,1.0,1.0,0.9583333333333334,0.08164634063307728,1.0,1.0,0.9490740740740741,0.17862518782718012,0.9044303797468355,0.9291139240506329,0.8658227848101265
0.1560337170958519,1.0,1.0,0.9375,0.08142644725739956,1.0,1.0,0.9166666666666666,0.08720692433416843,1.0,1.0,0.9166666666666666,0.08661871775984764,1.0,1.0,0.96875,0.12329274602234364,1.0,1.0,0.9583333333333334,0.07969443406909704,1.0,1.0,0.9490740740740741,0.18620017080596,0.9050632911392406,0.9265822784810127,0.8575949367088608
0.15647923201322556,1.0,1.0,0.9479166666666666,0.08290668080250423,1.0,1.0,0.9166666666666666,0.08669109766681989,1.0,1.0,0.9166666666666666,0.08707770270605882,1.0,1.0,0.9791666666666666,0.12117298568288486,1.0,1.0,0.9583333333333334,0.07990174288196224,1.0,1.0,0.9490740740740741,0.19455036987559965,0.8981012658227848,0.9265822784810127,0.8651898734177215
0.15563170487682024,1.0,1.0,0.9375,0.08097843825817108,1.0,1.0,0.9166666666666666,0.08686651661992073,1.0,1.0,0.9166666666666666,0.08670924107233684,1.0,1.0,0.9583333333333334,0.12221456070741017,1.0,1.0,0.9583333333333334,0.08164555419768606,1.0,1.0,0.9490740740740741,0.18652206757152923,0.899367088607595,0.9259493670886076,0.8588607594936709
0.1576430673400561,1.0,1.0,0.9270833333333334,0.08118805289268494,1.0,1.0,0.9166666666666666,0.08657575274507205,1.0,1.0,0.9375,0.08697041993339856,1.0,1.0,0.9583333333333334,0.12194200170536836,1.0,1.0,0.9583333333333334,0.07826871132212025,1.0,1.0,0.9444444444444444,0.17893009986540284,0.899367088607595,0.9259493670886076,0.8683544303797468
0.15693575143814087,1.0,1.0,0.9479166666666666,0.0815497376024723,1.0,1.0,0.9166666666666666,0.08679692323009174,1.0,1.0,0.9375,0.08661254681646824,1.0,1.0,0.9791666666666666,0.12290570636590321,1.0,1.0,0.9583333333333334,0.08145762474409171,1.0,1.0,0.9490740740740741,0.21946526025280808,0.9031645569620254,0.9265822784810127,0.8455696202531645
0.1565031036734581,1.0,1.0,0.9375,0.08076138297716777,1.0,1.0,0.9166666666666666,0.08655220394333203,1.0,1.0,0.9375,0.08694551729907592,1.0,1.0,0.9791666666666666,0.12075896188616753,1.0,1.0,0.9375,0.08361152825610978,1.0,1.0,0.9490740740740741,0.21040052273357757,0.9018987341772152,0.9246835443037975,0.8474683544303797
0.15606162448724112,1.0,1.0,0.9479166666666666,0.08240460914870103,1.0,1.0,0.9166666666666666,0.08655442111194134,1.0,1.0,0.9166666666666666,0.08667176961898804,1.0,1.0,0.9791666666666666,0.12076594928900401,1.0,1.0,0.9375,0.08084905094334058,1.0,1.0,0.9398148148148148,0.19331234655898027,0.9006329113924051,0.9221518987341772,0.859493670886076
0.1564072147011757,1.0,1.0,0.9479166666666666,0.08173139579594135,1.0,1.0,0.9166666666666666,0.08666837091247241,1.0,1.0,0.9375,0.08715236311157544,1.0,1.0,0.9583333333333334,0.12130579476555188,1.0,1.0,0.9583333333333334,0.07864258398434945,1.0,1.0,0.9490740740740741,0.19992882039661358,0.9031645569620254,0.919620253164557,0.8588607594936709
0.15606137613455454,1.0,1.0,0.9270833333333334,0.0811584119995435,1.0,1.0,0.9166666666666666,0.08792039379477501,1.0,1.0,0.9166666666666666,0.08717317134141922,1.0,1.0,0.9791666666666666,0.12131945664683978,1.0,1.0,0.9375,0.08188693411648273,1.0,1.0,0.9490740740740741,0.18564344863548424,0.9,0.9215189873417722,0.8582278481012658
0.1558427239457766,1.0,1.0,0.9270833333333334,0.08153998975952466,1.0,1.0,0.9166666666666666,0.08675140390793483,1.0,1.0,0.9375,0.08660588351388772,1.0,1.0,0.9791666666666666,0.1212634788826108,1.0,1.0,0.9375,0.07889921590685844,1.0,1.0,0.9490740740740741,0.1783761808065453,0.9044303797468355,0.9215189873417722,0.8632911392405064
0.15646753956874213,1.0,1.0,0.9479166666666666,0.08119762254257996,1.0,1.0,0.9166666666666666,0.08720427316923936,1.0,1.0,0.9375,0.08659005165100098,1.0,1.0,0.9791666666666666,0.12143597627679507,1.0,1.0,0.9375,0.07950777320989541,1.0,1.0,0.9490740740740741,0.17481921048778476,0.9063291139240506,0.9240506329113924,0.8550632911392405
0.1559338147441546,1.0,1.0,0.9270833333333334,0.08122403422991435,1.0,1.0,0.9166666666666666,0.08667223403851192,1.0,1.0,0.9166666666666666,0.08706441149115562,1.0,1.0,0.9791666666666666,0.12137256097048521,1.0,1.0,0.9375,0.0791401525161096,1.0,1.0,0.9490740740740741,0.19067190346693752,0.9113924050632911,0.9246835443037975,0.8582278481012658
0.15580014884471893,1.0,1.0,0.9270833333333334,0.08147162571549416,1.0,1.0,0.9166666666666666,0.08747503409783046,1.0,1.0,0.9375,0.0871206217755874,1.0,1.0,0.9583333333333334,0.1216013990342617,1.0,1.0,0.9375,0.081076285934874,1.0,1.0,0.9490740740740741,0.18308519188201788,0.9082278481012658,0.9259493670886076,0.8632911392405064
0.15630118797222772,1.0,1.0,0.9479166666666666,0.08075799668828647,1.0,1.0,0.9166666666666666,0.08707716998954614,1.0,1.0,0.9375,0.08788887411355972,1.0,1.0,0.9791666666666666,0.1216789074242115,1.0,1.0,0.9375,0.08239678133811269,1.0,1.0,0.9490740740740741,0.17793383810556296,0.9151898734177215,0.9291139240506329,0.8664556962025316
0.1560887098312378,1.0,1.0,0.9270833333333334,0.0811768714338541,1.0,1.0,0.9166666666666666,0.08650775874654452,1.0,1.0,0.9166666666666666,0.08650165051221848,1.0,1.0,0.96875,0.12129472320278485,1.0,1.0,0.9375,0.08310076448002032,1.0,1.0,0.9490740740740741,0.17370809159345096,0.9177215189873418,0.9284810126582278,0.8645569620253165
0.15565729637940726,1.0,1.0,0.9270833333333334,0.08072411951919396,1.0,1.0,0.9166666666666666,0.0868015754967928,1.0,1.0,0.9166666666666666,0.08686041180044413,1.0,1.0,0.9583333333333334,0.12095495065053304,1.0,1.0,0.9583333333333334,0.0782549897474902,1.0,1.0,0.9490740740740741,0.17100503467813585,0.9215189873417722,0.9291139240506329,0.8620253164556962
0.15602165212233862,1.0,1.0,0.9479166666666666,0.08060518465936184,1.0,1.0,0.9166666666666666,0.08671112793187301,1.0,1.0,0.9166666666666666,0.08642527212699254,1.0,1.0,0.9791666666666666,0.12104976798097293,1.0,1.0,0.9583333333333334,0.07840468149100031,1.0,1.0,0.9490740740740741,0.174029364617485,0.9215189873417722,0.9284810126582278,0.8658227848101265
0.1560809724032879,1.0,1.0,0.9270833333333334,0.08078207572301228,1.0,1.0,0.9166666666666666,0.08677093870937824,1.0,1.0,0.9166666666666666,0.08679401874542236,1.0,1.0,0.9791666666666666,0.1211380660533905,1.0,1.0,0.9583333333333334,0.08505898341536522,1.0,1.0,0.9490740740740741,0.17234807879184233,0.9240506329113924,0.9265822784810127,0.8620253164556962
0.15611081818739572,1.0,1.0,0.9270833333333334,0.08158946223556995,1.0,1.0,0.9166666666666666,0.08701541398962338,1.0,1.0,0.9375,0.08700031104187171,1.0,1.0,0.9791666666666666,0.12132968753576279,1.0,1.0,0.9583333333333334,0.08253365888127259,1.0,1.0,0.9490740740740741,0.18640335615385661,0.9227848101265823,0.930379746835443,0.8575949367088608
0.15585571279128393,1.0,1.0,0.9375,0.08049381586412589,1.0,1.0,0.9166666666666666,0.08696011702219646,1.0,1.0,0.9375,0.08654078468680382,1.0,1.0,0.9791666666666666,0.12093111624320348,1.0,1.0,0.9583333333333334,0.07870147776390825,1.0,1.0,0.9490740740740741,0.18744644612977,0.9183544303797468,0.9417721518987342,0.8588607594936709
0.15566295385360718,1.0,1.0,0.9375,0.08065880586703618,1.0,1.0,0.9166666666666666,0.08661379820356767,1.0,1.0,0.9375,0.08715396498640378,1.0,1.0,0.9791666666666666,0.12156712387998898,1.0,1.0,0.9375,0.08028823536421571,1.0,1.0,0.9490740740740741,0.20361030598481497,0.9145569620253164,0.9436708860759494,0.8550632911392405
0.15750049551328024,1.0,1.0,0.9479166666666666,0.0818376187235117,1.0,1.0,0.9166666666666666,0.0873913870503505,1.0,1.0,0.9166666666666666,0.08668020429710548,1.0,1.0,0.96875,0.12133378038803737,1.0,1.0,0.9583333333333334,0.0814877889518227,1.0,1.0,0.9490740740740741,0.19684259668745177,0.9151898734177215,0.939873417721519,0.8613924050632912
0.15563827753067017,1.0,1.0,0.9270833333333334,0.08079461567103863,1.0,1.0,0.9166666666666666,0.08672540448606014,1.0,1.0,0.9166666666666666,0.08649773523211479,1.0,1.0,0.9791666666666666,0.12170335340003173,1.0,1.0,0.9375,0.08376837920929704,1.0,1.0,0.9490740740740741,0.18218960398525902,0.9151898734177215,0.939873417721519,0.8544303797468354
0.1563429261247317,1.0,1.0,0.9270833333333334,0.08062704900900523,1.0,1.0,0.9166666666666666,0.0865505002439022,1.0,1.0,0.9166666666666666,0.0872014972070853,1.0,1.0,0.9791666666666666,0.12122283689677715,1.0,1.0,0.9375,0.07957055113677468,1.0,1.0,0.9444444444444444,0.1817279416653845,0.910759493670886,0.930379746835443,0.8569620253164557
0.15631704777479172,1.0,1.0,0.9479166666666666,0.08073547420402367,1.0,1.0,0.9166666666666666,0.0869809091091156,1.0,1.0,0.9166666666666666,0.08687346056103706,1.0,1.0,0.96875,0.12180288322269917,1.0,1.0,0.9375,0.07924850285053253,1.0,1.0,0.9444444444444444,0.19370095213555327,0.910759493670886,0.9417721518987342,0.859493670886076
0.15576677024364471,1.0,1.0,0.9270833333333334,0.08131521008908749,1.0,1.0,0.9166666666666666,0.08657510081926982,1.0,1.0,0.9375,0.0874538713445266,1.0,1.0,0.9583333333333334,0.12139233822623889,1.0,1.0,0.9583333333333334,0.08087296198521342,1.0,1.0,0.9444444444444444,0.18418573445141917,0.9132911392405063,0.9392405063291139,0.8563291139240506
0.1566642646988233,1.0,1.0,0.9270833333333334,0.08108756225556135,1.0,1.0,0.9166666666666666,0.08692739096780618,1.0,1.0,0.9375,0.08657447372873624,1.0,1.0,0.9583333333333334,0.123581912368536,1.0,1.0,0.9375,0.08079615288547107,1.0,1.0,0.9444444444444444,0.20259539726557155,0.9183544303797468,0.9367088607594937,0.850632911392405
0.15569916367530823,1.0,1.0,0.9375,0.08249210473150015,1.0,1.0,0.9166666666666666,0.08730864214400451,1.0,1.0,0.9375,0.08629755427440007,1.0,1.0,0.9791666666666666,0.12107916735112667,1.0,1.0,0.9375,0.07995285878756217,1.0,1.0,0.9490740740740741,0.19729181834393078,0.9158227848101266,0.930379746835443,0.8613924050632912
0.15564328680435816,1.0,1.0,0.9479166666666666,0.08210122119635344,1.0,1.0,0.9166666666666666,0.08651374094188213,1.0,1.0,0.9375,0.08685921008388202,1.0,1.0,0.9791666666666666,0.12115543335676193,1.0,1.0,0.9583333333333334,0.07878483379525798,1.0,1.0,0.9490740740740741,0.18514127130008706,0.9189873417721519,0.9278481012658227,0.8670886075949367
0.1563225785891215,1.0,1.0,0.9479166666666666,0.08092011573414008,1.0,1.0,0.9166666666666666,0.08666710865994294,1.0,1.0,0.9166666666666666,0.08854623635609944,1.0,1.0,0.9583333333333334,0.12246066393951575,1.0,1.0,0.9583333333333334,0.08380943749632154,1.0,1.0,0.9490740740740741,0.17880596416165132,0.9183544303797468,0.9284810126582278,0.8582278481012658
0.15595290313164392,1.0,1.0,0.9479166666666666,0.08112476641933124,1.0,1.0,0.9166666666666666,0.08670010976493359,1.0,1.0,0.9375,0.08842471366127332,1.0,1.0,0.9791666666666666,0.12117226297656696,1.0,1.0,0.9583333333333334,0.08144218727414097,1.0,1.0,0.9444444444444444,0.1836575773177725,0.9208860759493671,0.9246835443037975,0.8531645569620253
0.15586144973834357,1.0,1.0,0.9270833333333334,0.08042529101173083,1.0,1.0,0.9166666666666666,0.08642447243134181,1.0,1.0,0.9166666666666666,0.08652204771836598,1.0,1.0,0.9583333333333334,0.12146566435694695,1.0,1.0,0.9583333333333334,0.07963691571993488,1.0,1.0,0.9490740740740741,0.19813571381147463,0.9151898734177215,0.9284810126582278,0.8569620253164557
0.15590572853883108,1.0,1.0,0.9270833333333334,0.08066086657345295,1.0,1.0,0.9166666666666666,0.0866290492316087,1.0,1.0,0.9375,0.08751931258787711,1.0,1.0,0.9583333333333334,0.12163002913196881,1.0,1.0,0.9375,0.07837901291038309,1.0,1.0,0.9490740740740741,0.17900427152412107,0.9063291139240506,0.9284810126582278,0.8620253164556962
0.15580409268538156,1.0,1.0,0.9375,0.08081794685373704,1.0,1.0,0.9166666666666666,0.08638958508769672,1.0,1.0,0.9375,0.08691304984192054,1.0,1.0,0.9583333333333334,0.12082936614751816,1.0,1.0,0.9375,0.07906786259263754,1.0,1.0,0.9490740740740741,0.177539998759525,0.9031645569620254,0.9291139240506329,0.8658227848101265
0.15689526001612344,1.0,1.0,0.9270833333333334,0.08082743051151435,1.0,1.0,0.9166666666666666,0.08673859077195327,1.0,1.0,0.9375,0.08698568865656853,1.0,1.0,0.9791666666666666,0.1211116723716259,1.0,1.0,0.9375,0.07953075106654849,1.0,1.0,0.9490740740740741,0.18233008005402304,0.9094936708860759,0.9253164556962026,0.8582278481012658
0.1555651475985845,1.0,1.0,0.9479166666666666,0.08140341565012932,1.0,1.0,0.9166666666666666,0.08665592533846696,1.0,1.0,0.9375,0.08741097711026669,1.0,1.0,0.9791666666666666,0.12077370161811511,1.0,1.0,0.9375,0.08042713893311364,1.0,1.0,0.9490740740740741,0.1809768532261704,0.9208860759493671,0.9310126582278481,0.859493670886076
0.15620208779970804,1.0,1.0,0.9479166666666666,0.08098991184184949,1.0,1.0,0.9166666666666666,0.08659741282463074,1.0,1.0,0.9166666666666666,0.08674352243542671,1.0,1.0,0.9791666666666666,0.12158782407641411,1.0,1.0,0.9583333333333334,0.07957886345684528,1.0,1.0,0.9490740740740741,0.17367237049973372,0.910759493670886,0.920253164556962,0.8632911392405064
0.15592781702677408,1.0,1.0,0.9479166666666666,0.08125707010428111,1.0,1.0,0.9166666666666666,0.08742207971711953,1.0,1.0,0.9375,0.08712232112884521,1.0,1.0,0.9791666666666666,0.1211848184466362,1.0,1.0,0.9375,0.07948937746030944,1.0,1.0,0.9490740740740741,0.1739999908163692,0.919620253164557,0.9246835443037975,0.860126582278481
0.15625793735186258,1.0,1.0,0.9479166666666666,0.08096666820347309,1.0,1.0,0.9166666666666666,0.08716643104950587,1.0,1.0,0.9166666666666666,0.08641621780892213,1.0,1.0,0.9791666666666666,0.12190088257193565,1.0,1.0,0.9375,0.07744436711072922,1.0,1.0,0.9444444444444444,0.1755653421084086,0.9221518987341772,0.9297468354430379,0.8569620253164557
0.15564939876397452,1.0,1.0,0.9375,0.08189930953085423,1.0,1.0,0.9166666666666666,0.08666460340221722,1.0,1.0,0.90625,0.08719431671003501,1.0,1.0,0.96875,0.12146369492014249,1.0,1.0,0.9583333333333334,0.07827388042850154,1.0,1.0,0.9444444444444444,0.17929462320876843,0.9227848101265823,0.9335443037974683,0.8544303797468354
0.15672659128904343,1.0,1.0,0.9270833333333334,0.08034394371012847,1.0,1.0,0.9166666666666666,0.08966744194428126,1.0,1.0,0.9375,0.08643924941619237,1.0,1.0,0.9791666666666666,0.1210669328769048,1.0,1.0,0.9375,0.07845564951588001,1.0,1.0,0.9444444444444444,0.22550478317972386,0.9455696202531646,0.9291139240506329,0.8474683544303797
0.15631486723820368,1.0,1.0,0.9270833333333334,0.08052947248021762,1.0,1.0,0.9166666666666666,0.08671824882427852,1.0,1.0,0.9375,0.08641060503820579,1.0,1.0,0.9791666666666666,0.12401034869253635,1.0,1.0,0.9375,0.07787583794976984,1.0,1.0,0.9490740740740741,0.22600434728042043,0.9234177215189874,0.9284810126582278,0.8575949367088608
0.1556114380558332,1.0,1.0,0.9479166666666666,0.081507483497262,1.0,1.0,0.9166666666666666,0.08777769406636556,1.0,1.0,0.9166666666666666,0.0866172518581152,1.0,1.0,0.9791666666666666,0.12165814886490504,1.0,1.0,0.9583333333333334,0.08143879978784493,1.0,1.0,0.9444444444444444,0.19797618167869974,0.910126582278481,0.9221518987341772,0.859493670886076
0.15579105913639069,1.0,1.0,0.9479166666666666,0.08094364032149315,1.0,1.0,0.9166666666666666,0.08689435757696629,1.0,1.0,0.9166666666666666,0.08688474198182423,1.0,1.0,0.9791666666666666,0.12080927565693855,1.0,1.0,0.9583333333333334,0.08114533019917351,1.0,1.0,0.9444444444444444,0.19779617580199482,0.910759493670886,0.9227848101265823,0.8563291139240506
0.1560993306338787,1.0,1.0,0.9270833333333334,0.08092531996468703,1.0,1.0,0.9166666666666666,0.08647842581073444,1.0,1.0,0.90625,0.08668501302599907,1.0,1.0,0.9791666666666666,0.12147029861807823,1.0,1.0,0.9583333333333334,0.07955285933400903,1.0,1.0,0.9490740740740741,0.17795404020433475,0.9113924050632911,0.9246835443037975,0.8632911392405064
0.1567802975575129,1.0,1.0,0.9479166666666666,0.08084457429746787,1.0,1.0,0.9166666666666666,0.08627177899082501,1.0,1.0,0.9375,0.0871813502162695,1.0,1.0,0.9583333333333334,0.12121525468925635,1.0,1.0,0.9583333333333334,0.07884119145040001,1.0,1.0,0.9490740740740741,0.17948268207185197,0.910759493670886,0.9284810126582278,0.8613924050632912
0.15612980226675668,1.0,1.0,0.9270833333333334,0.08064614857236545,1.0,1.0,0.9166666666666666,0.0867714819808801,1.0,1.0,0.9375,0.08696363431711991,1.0,1.0,0.9791666666666666,0.12108538175622623,1.0,1.0,0.9583333333333334,0.0783690967197929,1.0,1.0,0.9444444444444444,0.1899139778030039,0.9012658227848102,0.9208860759493671,0.8569620253164557
0.1557198315858841,1.0,1.0,0.9270833333333334,0.08092730430265267,1.0,1.0,0.9166666666666666,0.08677166452010472,1.0,1.0,0.9375,0.08758945328493913,1.0,1.0,0.9583333333333334,0.12132702705760796,1.0,1.0,0.9583333333333334,0.0777342931500503,1.0,1.0,0.9444444444444444,0.17997971839374965,0.8981012658227848,0.9215189873417722,0.8575949367088608
0.15574233482281366,1.0,1.0,0.9479166666666666,0.08119600390394528,1.0,1.0,0.9166666666666666,0.08727433532476425,1.0,1.0,0.9166666666666666,0.08882127329707146,1.0,1.0,0.9791666666666666,0.12108143046498299,1.0,1.0,0.9583333333333334,0.07716983051172324,1.0,1.0,0.9444444444444444,0.18986433187518456,0.9044303797468355,0.9246835443037975,0.8620253164556962
0.15629341453313828,1.0,1.0,0.9270833333333334,0.08177484602977832,1.0,1.0,0.9166666666666666,0.08695827424526215,1.0,1.0,0.9166666666666666,0.0871116394797961,1.0,1.0,0.9791666666666666,0.12089868324498336,1.0,1.0,0.9583333333333334,0.07938842661678791,1.0,1.0,0.9490740740740741,0.17635755643549592,0.9069620253164556,0.9227848101265823,0.8620253164556962
0.15567269052068392,1.0,1.0,0.9479166666666666,0.08078434504568577,1.0,1.0,0.9166666666666666,0.09033815873165925,1.0,1.0,0.9375,0.08641953642169635,1.0,1.0,0.9583333333333334,0.12089526529113452,1.0,1.0,0.9375,0.07773307285138539,1.0,1.0,0.9444444444444444,0.17367017961511708,0.9069620253164556,0.9253164556962026,0.8575949367088608
0.15614173312981924,1.0,1.0,0.9479166666666666,0.08076544602711995,1.0,1.0,0.9166666666666666,0.08815914516647656,1.0,1.0,0.9166666666666666,0.08699967029194038,1.0,1.0,0.9583333333333334,0.12079630295435588,1.0,1.0,0.9583333333333334,0.0788840763270855,1.0,1.0,0.9444444444444444,0.16968409039757468,0.9113924050632911,0.9240506329113924,0.8607594936708861
0.1556964268287023,1.0,1.0,0.9375,0.08117709308862686,1.0,1.0,0.9166666666666666,0.08799791522324085,1.0,1.0,0.9375,0.08713569554189841,1.0,1.0,0.9791666666666666,0.12164366866151492,1.0,1.0,0.9583333333333334,0.0793235030557428,1.0,1.0,0.9490740740740741,0.16501585710229297,0.9069620253164556,0.9246835443037975,0.8588607594936709
0.15600643927852312,1.0,1.0,0.9479166666666666,0.08053653252621491,1.0,1.0,0.9166666666666666,0.0863608866930008,1.0,1.0,0.9166666666666666,0.08648651962478955,1.0,1.0,0.9791666666666666,0.12151644503076871,1.0,1.0,0.9375,0.07900861730532986,1.0,1.0,0.9490740740740741,0.16673409950101015,0.9069620253164556,0.9265822784810127,0.8588607594936709
0.15641913563013077,1.0,1.0,0.9479166666666666,0.0806593739738067,1.0,1.0,0.9166666666666666,0.0867904561261336,1.0,1.0,0.9166666666666666,0.08644936233758926,1.0,1.0,0.9791666666666666,0.12070055740574996,1.0,1.0,0.9583333333333334,0.07877808596406664,1.0,1.0,0.9444444444444444,0.170432042819683,0.9094936708860759,0.9215189873417722,0.8556962025316456
0.15550842384497324,1.0,1.0,0.9270833333333334,0.08042245854934056,1.0,1.0,0.9166666666666666,0.08699207566678524,1.0,1.0,0.9166666666666666,0.08674111217260361,1.0,1.0,0.9791666666666666,0.12055314456423123,1.0,1.0,0.9583333333333334,0.07966760053698506,1.0,1.0,0.9490740740740741,0.3053696637201791,0.9272151898734177,0.9221518987341772,0.85
0.15676730622847876,1.0,1.0,0.9270833333333334,0.08087375449637572,1.0,1.0,0.9166666666666666,0.08762473240494728,1.0,1.0,0.9375,0.08639693818986416,1.0,1.0,0.9791666666666666,0.12152948478857677,1.0,1.0,0.9583333333333334,0.07728193234652281,1.0,1.0,0.9490740740740741,0.2705192108346958,0.9227848101265823,0.919620253164557,0.8468354430379746
0.1559301627178987,1.0,1.0,0.9270833333333334,0.08118618403871854,1.0,1.0,0.9166666666666666,0.08709007998307546,1.0,1.0,0.9375,0.08689812198281288,1.0,1.0,0.9791666666666666,0.12170861475169659,1.0,1.0,0.9583333333333334,0.08174546249210835,1.0,1.0,0.9490740740740741,0.2107095845570468,0.920253164556962,0.9215189873417722,0.8531645569620253
0.15625337759653726,1.0,1.0,0.9479166666666666,0.08033323908845584,1.0,1.0,0.9166666666666666,0.08657556896408398,1.0,1.0,0.9375,0.08625900310774644,1.0,1.0,0.9791666666666666,0.12063781420389812,1.0,1.0,0.9583333333333334,0.08079716004431248,1.0,1.0,0.9444444444444444,0.19077606924405002,0.9240506329113924,0.9348101265822785,0.8544303797468354
0.15610661854346594,1.0,1.0,0.9479166666666666,0.08094862475991249,1.0,1.0,0.9166666666666666,0.08676302495102088,1.0,1.0,0.9166666666666666,0.0866499338299036,1.0,1.0,0.9583333333333334,0.12068237240115802,1.0,1.0,0.9583333333333334,0.07805887822593961,1.0,1.0,0.9444444444444444,0.18833490950290602,0.9215189873417722,0.9360759493670886,0.8563291139240506
0.15607684726516405,1.0,1.0,0.9479166666666666,0.08050657777736585,1.0,1.0,0.9166666666666666,0.08705480210483074,1.0,1.0,0.9166666666666666,0.08650372394671042,1.0,1.0,0.9791666666666666,0.12050963193178177,1.0,1.0,0.9583333333333334,0.07934425531753472,1.0,1.0,0.9490740740740741,0.17420472900825318,0.9234177215189874,0.9341772151898734,0.8582278481012658
0.1557279701034228,1.0,1.0,0.9479166666666666,0.08074504882097244,1.0,1.0,0.9166666666666666,0.08642521873116493,1.0,1.0,0.9166666666666666,0.08638185138503711,1.0,1.0,0.9791666666666666,0.12170830741524696,1.0,1.0,0.9583333333333334,0.07966361753642559,1.0,1.0,0.9490740740740741,0.16997340818246207,0.9272151898734177,0.9341772151898734,0.8575949367088608
0.15587435166041055,1.0,1.0,0.9270833333333334,0.08090567216277122,1.0,1.0,0.9166666666666666,0.08652060106396675,1.0,1.0,0.9166666666666666,0.0866738601277272,1.0,1.0,0.9791666666666666,0.12096131717165311,1.0,1.0,0.9583333333333334,0.07818498435829367,1.0,1.0,0.9490740740740741,0.168896299984419,0.9234177215189874,0.9322784810126582,0.8531645569620253
0.1580703854560852,1.0,1.0,0.9270833333333334,0.08157740905880928,1.0,1.0,0.9166666666666666,0.0864638729641835,1.0,1.0,0.9166666666666666,0.08647157872716586,1.0,1.0,0.9583333333333334,0.12122766425212224,1.0,1.0,0.9583333333333334,0.08136112509029252,1.0,1.0,0.9444444444444444,0.1699972952706645,0.9234177215189874,0.9335443037974683,0.859493670886076
0.156166173517704,1.0,1.0,0.9375,0.0808494749168555,1.0,1.0,0.9166666666666666,0.08640998726089795,1.0,1.0,0.9375,0.08636578172445297,1.0,1.0,0.9583333333333334,0.12113628226021926,1.0,1.0,0.9375,0.08180452058357852,1.0,1.0,0.9490740740740741,0.16501325158157734,0.9234177215189874,0.9354430379746835,0.8645569620253165
0.15571962793668112,1.0,1.0,0.9479166666666666,0.08076080307364464,1.0,1.0,0.9166666666666666,0.08651328645646572,1.0,1.0,0.9375,0.0894944854080677,1.0,1.0,0.9791666666666666,0.12081841131051381,1.0,1.0,0.9375,0.07638278736599854,1.0,1.0,0.9444444444444444,0.1681298626718497,0.9215189873417722,0.939873417721519,0.8575949367088608
0.15594706435998282,1.0,1.0,0.9479166666666666,0.08059258138140042,1.0,1.0,0.9166666666666666,0.08669683461387952,1.0,1.0,0.9375,0.08998636901378632,1.0,1.0,0.9583333333333334,0.12040412798523903,1.0,1.0,0.9375,0.08002803634319987,1.0,1.0,0.9444444444444444,0.18040987770214226,0.9259493670886076,0.9405063291139241,0.8569620253164557
0.15606986731290817,1.0,1.0,0.9479166666666666,0.08099893480539322,1.0,1.0,0.9166666666666666,0.08735109120607376,1.0,1.0,0.9166666666666666,0.08688693431516488,1.0,1.0,0.9583333333333334,0.12111006180445354,1.0,1.0,0.9375,0.07849313212292534,1.0,1.0,0.9490740740740741,0.2017127014320306,0.9215189873417722,0.9449367088607595,0.8525316455696202
0.15659509599208832,1.0,1.0,0.9270833333333334,0.08082312780121963,1.0,1.0,0.9166666666666666,0.08677120010058086,1.0,1.0,0.9375,0.08662718161940575,1.0,1.0,0.9791666666666666,0.12171764299273491,1.0,1.0,0.9583333333333334,0.07941149813788277,1.0,1.0,0.9444444444444444,0.18130877990313252,0.919620253164557,0.9360759493670886,0.8588607594936709
0.1566308711965879,1.0,1.0,0.9270833333333334,0.0806273737301429,1.0,1.0,0.9166666666666666,0.08649580242733161,1.0,1.0,0.9375,0.08653434365987778,1.0,1.0,0.9791666666666666,0.12103107944130898,1.0,1.0,0.9583333333333334,0.0786718481353351,1.0,1.0,0.9490740740740741,0.18232709485473056,0.9221518987341772,0.9379746835443038,0.8575949367088608
0.15566319227218628,1.0,1.0,0.9375,0.08108206527928512,1.0,1.0,0.9166666666666666,0.08645192223290603,1.0,1.0,0.9375,0.08658101533850034,1.0,1.0,0.9791666666666666,0.12074950461586316,1.0,1.0,0.9583333333333334,0.0767937611256327,1.0,1.0,0.9444444444444444,0.18993977607801707,0.9240506329113924,0.9405063291139241,0.8613924050632912
0.15587282180786133,1.0,1.0,0.9479166666666666,0.08080439890424411,1.0,1.0,0.9166666666666666,0.0862971618771553,1.0,1.0,0.9375,0.08636404139300187,1.0,1.0,0.9791666666666666,0.12113102525472641,1.0,1.0,0.9375,0.07702597686511581,1.0,1.0,0.9444444444444444,0.17609263945258025,0.9234177215189874,0.9424050632911393,0.8556962025316456
0.15683338542779288,1.0,1.0,0.9479166666666666,0.08092318723599116,1.0,1.0,0.9166666666666666,0.08620337583124638,1.0,1.0,0.9166666666666666,0.08649053921302159,1.0,1.0,0.9583333333333334,0.1215690126021703,1.0,1.0,0.9375,0.07811426451163632,1.0,1.0,0.9490740740740741,0.1771324382285879,0.9284810126582278,0.9392405063291139,0.8639240506329114
0.1561301996310552,1.0,1.0,0.9479166666666666,0.08069536151985328,1.0,1.0,0.9166666666666666,0.08671336186428864,1.0,1.0,0.9375,0.08641389881571133,1.0,1.0,0.9791666666666666,0.12155852404733498,1.0,1.0,0.9375,0.08076475788506546,1.0,1.0,0.9490740740740741,0.17457427949917437,0.920253164556962,0.9430379746835443,0.8620253164556962
0.1557226926088333,1.0,1.0,0.9270833333333334,0.08051384054124355,1.0,1.0,0.9166666666666666,0.08662006196876366,1.0,1.0,0.9375,0.08682491257786751,1.0,1.0,0.9791666666666666,0.12067146847645442,1.0,1.0,0.9375,0.08028469367751054,1.0,1.0,0.9490740740740741,0.1768348930460034,0.920253164556962,0.9468354430379747,0.8563291139240506
